2024-11-01T18:12:13.130-05:00  INFO 4196 --- [DemoLadFX] [JavaFX-Launcher] o.s.boot.SpringApplication               : Starting application using Java 18.0.1.1 with PID 4196 (started by roycr in C:\Proyecto\POO2024_2\DemoLadFX)
2024-11-01T18:12:13.139-05:00  INFO 4196 --- [DemoLadFX] [JavaFX-Launcher] o.s.boot.SpringApplication               : No active profile set, falling back to 1 default profile: "default"
2024-11-01T18:12:13.983-05:00  INFO 4196 --- [DemoLadFX] [JavaFX-Launcher] .s.d.r.c.RepositoryConfigurationDelegate : Bootstrapping Spring Data JPA repositories in DEFAULT mode.
2024-11-01T18:12:14.047-05:00  INFO 4196 --- [DemoLadFX] [JavaFX-Launcher] .s.d.r.c.RepositoryConfigurationDelegate : Finished Spring Data repository scanning in 57 ms. Found 2 JPA repository interfaces.
2024-11-01T18:12:14.496-05:00  INFO 4196 --- [DemoLadFX] [JavaFX-Launcher] o.hibernate.jpa.internal.util.LogHelper  : HHH000204: Processing PersistenceUnitInfo [name: default]
2024-11-01T18:12:14.570-05:00  INFO 4196 --- [DemoLadFX] [JavaFX-Launcher] org.hibernate.Version                    : HHH000412: Hibernate ORM core version 6.5.3.Final
2024-11-01T18:12:14.607-05:00  INFO 4196 --- [DemoLadFX] [JavaFX-Launcher] o.h.c.internal.RegionFactoryInitiator    : HHH000026: Second-level cache disabled
2024-11-01T18:12:15.086-05:00  INFO 4196 --- [DemoLadFX] [JavaFX-Launcher] o.s.o.j.p.SpringPersistenceUnitInfo      : No LoadTimeWeaver setup: ignoring JPA class transformer
2024-11-01T18:12:15.128-05:00  INFO 4196 --- [DemoLadFX] [JavaFX-Launcher] com.zaxxer.hikari.HikariDataSource       : HikariPool-1 - Starting...
2024-11-01T18:12:15.264-05:00  INFO 4196 --- [DemoLadFX] [JavaFX-Launcher] com.zaxxer.hikari.pool.HikariPool        : HikariPool-1 - Added connection org.sqlite.jdbc4.JDBC4Connection@35a1e6af
2024-11-01T18:12:15.266-05:00  INFO 4196 --- [DemoLadFX] [JavaFX-Launcher] com.zaxxer.hikari.HikariDataSource       : HikariPool-1 - Start completed.
2024-11-01T18:12:16.417-05:00  INFO 4196 --- [DemoLadFX] [JavaFX-Launcher] o.h.e.t.j.p.i.JtaPlatformInitiator       : HHH000489: No JTA platform available (set 'hibernate.transaction.jta.platform' to enable JTA platform integration)
2024-11-01T18:12:16.456-05:00  INFO 4196 --- [DemoLadFX] [JavaFX-Launcher] j.LocalContainerEntityManagerFactoryBean : Initialized JPA EntityManagerFactory for persistence unit 'default'
2024-11-01T18:12:17.067-05:00  INFO 4196 --- [DemoLadFX] [JavaFX-Launcher] o.s.boot.SpringApplication               : Started application in 4.933 seconds (process running for 5.923)
2024-11-01T18:12:17.156-05:00  WARN 4196 --- [DemoLadFX] [JavaFX-Launcher] javafx                                   : Loading FXML document with JavaFX API of version 17.0.12 by JavaFX runtime of version 11-ea
2024-11-01T18:12:39.392-05:00  INFO 4196 --- [DemoLadFX] [JavaFX Application Thread] j.LocalContainerEntityManagerFactoryBean : Closing JPA EntityManagerFactory for persistence unit 'default'
2024-11-01T18:12:39.394-05:00  INFO 4196 --- [DemoLadFX] [JavaFX Application Thread] com.zaxxer.hikari.HikariDataSource       : HikariPool-1 - Shutdown initiated...
2024-11-01T18:12:39.431-05:00  INFO 4196 --- [DemoLadFX] [JavaFX Application Thread] com.zaxxer.hikari.HikariDataSource       : HikariPool-1 - Shutdown completed.
2024-11-01T18:33:14.771-05:00  INFO 2688 --- [DemoLadFX] [JavaFX-Launcher] o.s.boot.SpringApplication               : Starting application using Java 18.0.1.1 with PID 2688 (started by roycr in C:\Proyecto\POO2024_2\DemoLadFX)
2024-11-01T18:33:14.773-05:00  INFO 2688 --- [DemoLadFX] [JavaFX-Launcher] o.s.boot.SpringApplication               : No active profile set, falling back to 1 default profile: "default"
2024-11-01T18:33:15.553-05:00  INFO 2688 --- [DemoLadFX] [JavaFX-Launcher] .s.d.r.c.RepositoryConfigurationDelegate : Bootstrapping Spring Data JPA repositories in DEFAULT mode.
2024-11-01T18:33:15.615-05:00  INFO 2688 --- [DemoLadFX] [JavaFX-Launcher] .s.d.r.c.RepositoryConfigurationDelegate : Finished Spring Data repository scanning in 54 ms. Found 3 JPA repository interfaces.
2024-11-01T18:33:16.086-05:00  INFO 2688 --- [DemoLadFX] [JavaFX-Launcher] o.hibernate.jpa.internal.util.LogHelper  : HHH000204: Processing PersistenceUnitInfo [name: default]
2024-11-01T18:33:16.161-05:00  INFO 2688 --- [DemoLadFX] [JavaFX-Launcher] org.hibernate.Version                    : HHH000412: Hibernate ORM core version 6.5.3.Final
2024-11-01T18:33:16.196-05:00  INFO 2688 --- [DemoLadFX] [JavaFX-Launcher] o.h.c.internal.RegionFactoryInitiator    : HHH000026: Second-level cache disabled
2024-11-01T18:33:16.531-05:00  INFO 2688 --- [DemoLadFX] [JavaFX-Launcher] o.s.o.j.p.SpringPersistenceUnitInfo      : No LoadTimeWeaver setup: ignoring JPA class transformer
2024-11-01T18:33:16.562-05:00  INFO 2688 --- [DemoLadFX] [JavaFX-Launcher] com.zaxxer.hikari.HikariDataSource       : HikariPool-1 - Starting...
2024-11-01T18:33:16.687-05:00  INFO 2688 --- [DemoLadFX] [JavaFX-Launcher] com.zaxxer.hikari.pool.HikariPool        : HikariPool-1 - Added connection org.sqlite.jdbc4.JDBC4Connection@1a9ec938
2024-11-01T18:33:16.690-05:00  INFO 2688 --- [DemoLadFX] [JavaFX-Launcher] com.zaxxer.hikari.HikariDataSource       : HikariPool-1 - Start completed.
2024-11-01T18:33:17.756-05:00  INFO 2688 --- [DemoLadFX] [JavaFX-Launcher] o.h.e.t.j.p.i.JtaPlatformInitiator       : HHH000489: No JTA platform available (set 'hibernate.transaction.jta.platform' to enable JTA platform integration)
2024-11-01T18:33:17.799-05:00  WARN 2688 --- [DemoLadFX] [JavaFX-Launcher] o.h.t.s.i.ExceptionHandlerLoggedImpl     : GenerationTarget encountered exception accepting command : Error executing DDL "alter table roy_platos add column decripcion_platos varchar(60) not null" via JDBC [[SQLITE_ERROR] SQL error or missing database (Cannot add a NOT NULL column with default value NULL)]

org.hibernate.tool.schema.spi.CommandAcceptanceException: Error executing DDL "alter table roy_platos add column decripcion_platos varchar(60) not null" via JDBC [[SQLITE_ERROR] SQL error or missing database (Cannot add a NOT NULL column with default value NULL)]
	at org.hibernate.tool.schema.internal.exec.GenerationTargetToDatabase.accept(GenerationTargetToDatabase.java:94) ~[hibernate-core-6.5.3.Final.jar:6.5.3.Final]
	at org.hibernate.tool.schema.internal.AbstractSchemaMigrator.applySqlString(AbstractSchemaMigrator.java:583) ~[hibernate-core-6.5.3.Final.jar:6.5.3.Final]
	at org.hibernate.tool.schema.internal.AbstractSchemaMigrator.applySqlStrings(AbstractSchemaMigrator.java:523) ~[hibernate-core-6.5.3.Final.jar:6.5.3.Final]
	at org.hibernate.tool.schema.internal.AbstractSchemaMigrator.migrateTable(AbstractSchemaMigrator.java:341) ~[hibernate-core-6.5.3.Final.jar:6.5.3.Final]
	at org.hibernate.tool.schema.internal.GroupedSchemaMigratorImpl.performTablesMigration(GroupedSchemaMigratorImpl.java:84) ~[hibernate-core-6.5.3.Final.jar:6.5.3.Final]
	at org.hibernate.tool.schema.internal.AbstractSchemaMigrator.performMigration(AbstractSchemaMigrator.java:240) ~[hibernate-core-6.5.3.Final.jar:6.5.3.Final]
	at org.hibernate.tool.schema.internal.AbstractSchemaMigrator.doMigration(AbstractSchemaMigrator.java:119) ~[hibernate-core-6.5.3.Final.jar:6.5.3.Final]
	at org.hibernate.tool.schema.spi.SchemaManagementToolCoordinator.performDatabaseAction(SchemaManagementToolCoordinator.java:280) ~[hibernate-core-6.5.3.Final.jar:6.5.3.Final]
	at org.hibernate.tool.schema.spi.SchemaManagementToolCoordinator.lambda$process$5(SchemaManagementToolCoordinator.java:144) ~[hibernate-core-6.5.3.Final.jar:6.5.3.Final]
	at java.base/java.util.HashMap.forEach(HashMap.java:1421) ~[na:na]
	at org.hibernate.tool.schema.spi.SchemaManagementToolCoordinator.process(SchemaManagementToolCoordinator.java:141) ~[hibernate-core-6.5.3.Final.jar:6.5.3.Final]
	at org.hibernate.boot.internal.SessionFactoryObserverForSchemaExport.sessionFactoryCreated(SessionFactoryObserverForSchemaExport.java:37) ~[hibernate-core-6.5.3.Final.jar:6.5.3.Final]
	at org.hibernate.internal.SessionFactoryObserverChain.sessionFactoryCreated(SessionFactoryObserverChain.java:35) ~[hibernate-core-6.5.3.Final.jar:6.5.3.Final]
	at org.hibernate.internal.SessionFactoryImpl.<init>(SessionFactoryImpl.java:322) ~[hibernate-core-6.5.3.Final.jar:6.5.3.Final]
	at org.hibernate.boot.internal.SessionFactoryBuilderImpl.build(SessionFactoryBuilderImpl.java:457) ~[hibernate-core-6.5.3.Final.jar:6.5.3.Final]
	at org.hibernate.jpa.boot.internal.EntityManagerFactoryBuilderImpl.build(EntityManagerFactoryBuilderImpl.java:1506) ~[hibernate-core-6.5.3.Final.jar:6.5.3.Final]
	at org.springframework.orm.jpa.vendor.SpringHibernateJpaPersistenceProvider.createContainerEntityManagerFactory(SpringHibernateJpaPersistenceProvider.java:75) ~[spring-orm-6.1.13.jar:6.1.13]
	at org.springframework.orm.jpa.LocalContainerEntityManagerFactoryBean.createNativeEntityManagerFactory(LocalContainerEntityManagerFactoryBean.java:390) ~[spring-orm-6.1.13.jar:6.1.13]
	at org.springframework.orm.jpa.AbstractEntityManagerFactoryBean.buildNativeEntityManagerFactory(AbstractEntityManagerFactoryBean.java:409) ~[spring-orm-6.1.13.jar:6.1.13]
	at org.springframework.orm.jpa.AbstractEntityManagerFactoryBean.afterPropertiesSet(AbstractEntityManagerFactoryBean.java:396) ~[spring-orm-6.1.13.jar:6.1.13]
	at org.springframework.orm.jpa.LocalContainerEntityManagerFactoryBean.afterPropertiesSet(LocalContainerEntityManagerFactoryBean.java:366) ~[spring-orm-6.1.13.jar:6.1.13]
	at org.springframework.beans.factory.support.AbstractAutowireCapableBeanFactory.invokeInitMethods(AbstractAutowireCapableBeanFactory.java:1853) ~[spring-beans-6.1.13.jar:6.1.13]
	at org.springframework.beans.factory.support.AbstractAutowireCapableBeanFactory.initializeBean(AbstractAutowireCapableBeanFactory.java:1802) ~[spring-beans-6.1.13.jar:6.1.13]
	at org.springframework.beans.factory.support.AbstractAutowireCapableBeanFactory.doCreateBean(AbstractAutowireCapableBeanFactory.java:600) ~[spring-beans-6.1.13.jar:6.1.13]
	at org.springframework.beans.factory.support.AbstractAutowireCapableBeanFactory.createBean(AbstractAutowireCapableBeanFactory.java:522) ~[spring-beans-6.1.13.jar:6.1.13]
	at org.springframework.beans.factory.support.AbstractBeanFactory.lambda$doGetBean$0(AbstractBeanFactory.java:337) ~[spring-beans-6.1.13.jar:6.1.13]
	at org.springframework.beans.factory.support.DefaultSingletonBeanRegistry.getSingleton(DefaultSingletonBeanRegistry.java:234) ~[spring-beans-6.1.13.jar:6.1.13]
	at org.springframework.beans.factory.support.AbstractBeanFactory.doGetBean(AbstractBeanFactory.java:335) ~[spring-beans-6.1.13.jar:6.1.13]
	at org.springframework.beans.factory.support.AbstractBeanFactory.getBean(AbstractBeanFactory.java:205) ~[spring-beans-6.1.13.jar:6.1.13]
	at org.springframework.context.support.AbstractApplicationContext.finishBeanFactoryInitialization(AbstractApplicationContext.java:954) ~[spring-context-6.1.13.jar:6.1.13]
	at org.springframework.context.support.AbstractApplicationContext.refresh(AbstractApplicationContext.java:625) ~[spring-context-6.1.13.jar:6.1.13]
	at org.springframework.boot.SpringApplication.refresh(SpringApplication.java:754) ~[spring-boot-3.3.4.jar:3.3.4]
	at org.springframework.boot.SpringApplication.refreshContext(SpringApplication.java:456) ~[spring-boot-3.3.4.jar:3.3.4]
	at org.springframework.boot.SpringApplication.run(SpringApplication.java:335) ~[spring-boot-3.3.4.jar:3.3.4]
	at org.springframework.boot.builder.SpringApplicationBuilder.run(SpringApplicationBuilder.java:149) ~[spring-boot-3.3.4.jar:3.3.4]
	at pe.edu.upeu.demoldfx.DemoLadFxApplication.init(DemoLadFxApplication.java:29) ~[classes/:na]
	at com.sun.javafx.application.LauncherImpl.launchApplication1(LauncherImpl.java:824) ~[javafx-graphics-11-ea+24-win.jar:na]
	at com.sun.javafx.application.LauncherImpl.lambda$launchApplication$2(LauncherImpl.java:195) ~[javafx-graphics-11-ea+24-win.jar:na]
	at java.base/java.lang.Thread.run(Thread.java:833) ~[na:na]
Caused by: org.sqlite.SQLiteException: [SQLITE_ERROR] SQL error or missing database (Cannot add a NOT NULL column with default value NULL)
	at org.sqlite.core.DB.newSQLException(DB.java:1179) ~[sqlite-jdbc-3.46.0.0.jar:na]
	at org.sqlite.core.DB.newSQLException(DB.java:1190) ~[sqlite-jdbc-3.46.0.0.jar:na]
	at org.sqlite.core.DB.execute(DB.java:988) ~[sqlite-jdbc-3.46.0.0.jar:na]
	at org.sqlite.core.CoreStatement.exec(CoreStatement.java:91) ~[sqlite-jdbc-3.46.0.0.jar:na]
	at org.sqlite.jdbc3.JDBC3Statement.lambda$execute$0(JDBC3Statement.java:55) ~[sqlite-jdbc-3.46.0.0.jar:na]
	at org.sqlite.jdbc3.JDBC3Statement.withConnectionTimeout(JDBC3Statement.java:454) ~[sqlite-jdbc-3.46.0.0.jar:na]
	at org.sqlite.jdbc3.JDBC3Statement.execute(JDBC3Statement.java:43) ~[sqlite-jdbc-3.46.0.0.jar:na]
	at com.zaxxer.hikari.pool.ProxyStatement.execute(ProxyStatement.java:94) ~[HikariCP-5.1.0.jar:na]
	at com.zaxxer.hikari.pool.HikariProxyStatement.execute(HikariProxyStatement.java) ~[HikariCP-5.1.0.jar:na]
	at org.hibernate.tool.schema.internal.exec.GenerationTargetToDatabase.accept(GenerationTargetToDatabase.java:80) ~[hibernate-core-6.5.3.Final.jar:6.5.3.Final]
	... 38 common frames omitted

2024-11-01T18:33:17.804-05:00  WARN 2688 --- [DemoLadFX] [JavaFX-Launcher] o.h.t.s.i.ExceptionHandlerLoggedImpl     : GenerationTarget encountered exception accepting command : Error executing DDL "alter table roy_platos add column id_categoria bigint not null" via JDBC [[SQLITE_ERROR] SQL error or missing database (Cannot add a NOT NULL column with default value NULL)]

org.hibernate.tool.schema.spi.CommandAcceptanceException: Error executing DDL "alter table roy_platos add column id_categoria bigint not null" via JDBC [[SQLITE_ERROR] SQL error or missing database (Cannot add a NOT NULL column with default value NULL)]
	at org.hibernate.tool.schema.internal.exec.GenerationTargetToDatabase.accept(GenerationTargetToDatabase.java:94) ~[hibernate-core-6.5.3.Final.jar:6.5.3.Final]
	at org.hibernate.tool.schema.internal.AbstractSchemaMigrator.applySqlString(AbstractSchemaMigrator.java:583) ~[hibernate-core-6.5.3.Final.jar:6.5.3.Final]
	at org.hibernate.tool.schema.internal.AbstractSchemaMigrator.applySqlStrings(AbstractSchemaMigrator.java:523) ~[hibernate-core-6.5.3.Final.jar:6.5.3.Final]
	at org.hibernate.tool.schema.internal.AbstractSchemaMigrator.migrateTable(AbstractSchemaMigrator.java:341) ~[hibernate-core-6.5.3.Final.jar:6.5.3.Final]
	at org.hibernate.tool.schema.internal.GroupedSchemaMigratorImpl.performTablesMigration(GroupedSchemaMigratorImpl.java:84) ~[hibernate-core-6.5.3.Final.jar:6.5.3.Final]
	at org.hibernate.tool.schema.internal.AbstractSchemaMigrator.performMigration(AbstractSchemaMigrator.java:240) ~[hibernate-core-6.5.3.Final.jar:6.5.3.Final]
	at org.hibernate.tool.schema.internal.AbstractSchemaMigrator.doMigration(AbstractSchemaMigrator.java:119) ~[hibernate-core-6.5.3.Final.jar:6.5.3.Final]
	at org.hibernate.tool.schema.spi.SchemaManagementToolCoordinator.performDatabaseAction(SchemaManagementToolCoordinator.java:280) ~[hibernate-core-6.5.3.Final.jar:6.5.3.Final]
	at org.hibernate.tool.schema.spi.SchemaManagementToolCoordinator.lambda$process$5(SchemaManagementToolCoordinator.java:144) ~[hibernate-core-6.5.3.Final.jar:6.5.3.Final]
	at java.base/java.util.HashMap.forEach(HashMap.java:1421) ~[na:na]
	at org.hibernate.tool.schema.spi.SchemaManagementToolCoordinator.process(SchemaManagementToolCoordinator.java:141) ~[hibernate-core-6.5.3.Final.jar:6.5.3.Final]
	at org.hibernate.boot.internal.SessionFactoryObserverForSchemaExport.sessionFactoryCreated(SessionFactoryObserverForSchemaExport.java:37) ~[hibernate-core-6.5.3.Final.jar:6.5.3.Final]
	at org.hibernate.internal.SessionFactoryObserverChain.sessionFactoryCreated(SessionFactoryObserverChain.java:35) ~[hibernate-core-6.5.3.Final.jar:6.5.3.Final]
	at org.hibernate.internal.SessionFactoryImpl.<init>(SessionFactoryImpl.java:322) ~[hibernate-core-6.5.3.Final.jar:6.5.3.Final]
	at org.hibernate.boot.internal.SessionFactoryBuilderImpl.build(SessionFactoryBuilderImpl.java:457) ~[hibernate-core-6.5.3.Final.jar:6.5.3.Final]
	at org.hibernate.jpa.boot.internal.EntityManagerFactoryBuilderImpl.build(EntityManagerFactoryBuilderImpl.java:1506) ~[hibernate-core-6.5.3.Final.jar:6.5.3.Final]
	at org.springframework.orm.jpa.vendor.SpringHibernateJpaPersistenceProvider.createContainerEntityManagerFactory(SpringHibernateJpaPersistenceProvider.java:75) ~[spring-orm-6.1.13.jar:6.1.13]
	at org.springframework.orm.jpa.LocalContainerEntityManagerFactoryBean.createNativeEntityManagerFactory(LocalContainerEntityManagerFactoryBean.java:390) ~[spring-orm-6.1.13.jar:6.1.13]
	at org.springframework.orm.jpa.AbstractEntityManagerFactoryBean.buildNativeEntityManagerFactory(AbstractEntityManagerFactoryBean.java:409) ~[spring-orm-6.1.13.jar:6.1.13]
	at org.springframework.orm.jpa.AbstractEntityManagerFactoryBean.afterPropertiesSet(AbstractEntityManagerFactoryBean.java:396) ~[spring-orm-6.1.13.jar:6.1.13]
	at org.springframework.orm.jpa.LocalContainerEntityManagerFactoryBean.afterPropertiesSet(LocalContainerEntityManagerFactoryBean.java:366) ~[spring-orm-6.1.13.jar:6.1.13]
	at org.springframework.beans.factory.support.AbstractAutowireCapableBeanFactory.invokeInitMethods(AbstractAutowireCapableBeanFactory.java:1853) ~[spring-beans-6.1.13.jar:6.1.13]
	at org.springframework.beans.factory.support.AbstractAutowireCapableBeanFactory.initializeBean(AbstractAutowireCapableBeanFactory.java:1802) ~[spring-beans-6.1.13.jar:6.1.13]
	at org.springframework.beans.factory.support.AbstractAutowireCapableBeanFactory.doCreateBean(AbstractAutowireCapableBeanFactory.java:600) ~[spring-beans-6.1.13.jar:6.1.13]
	at org.springframework.beans.factory.support.AbstractAutowireCapableBeanFactory.createBean(AbstractAutowireCapableBeanFactory.java:522) ~[spring-beans-6.1.13.jar:6.1.13]
	at org.springframework.beans.factory.support.AbstractBeanFactory.lambda$doGetBean$0(AbstractBeanFactory.java:337) ~[spring-beans-6.1.13.jar:6.1.13]
	at org.springframework.beans.factory.support.DefaultSingletonBeanRegistry.getSingleton(DefaultSingletonBeanRegistry.java:234) ~[spring-beans-6.1.13.jar:6.1.13]
	at org.springframework.beans.factory.support.AbstractBeanFactory.doGetBean(AbstractBeanFactory.java:335) ~[spring-beans-6.1.13.jar:6.1.13]
	at org.springframework.beans.factory.support.AbstractBeanFactory.getBean(AbstractBeanFactory.java:205) ~[spring-beans-6.1.13.jar:6.1.13]
	at org.springframework.context.support.AbstractApplicationContext.finishBeanFactoryInitialization(AbstractApplicationContext.java:954) ~[spring-context-6.1.13.jar:6.1.13]
	at org.springframework.context.support.AbstractApplicationContext.refresh(AbstractApplicationContext.java:625) ~[spring-context-6.1.13.jar:6.1.13]
	at org.springframework.boot.SpringApplication.refresh(SpringApplication.java:754) ~[spring-boot-3.3.4.jar:3.3.4]
	at org.springframework.boot.SpringApplication.refreshContext(SpringApplication.java:456) ~[spring-boot-3.3.4.jar:3.3.4]
	at org.springframework.boot.SpringApplication.run(SpringApplication.java:335) ~[spring-boot-3.3.4.jar:3.3.4]
	at org.springframework.boot.builder.SpringApplicationBuilder.run(SpringApplicationBuilder.java:149) ~[spring-boot-3.3.4.jar:3.3.4]
	at pe.edu.upeu.demoldfx.DemoLadFxApplication.init(DemoLadFxApplication.java:29) ~[classes/:na]
	at com.sun.javafx.application.LauncherImpl.launchApplication1(LauncherImpl.java:824) ~[javafx-graphics-11-ea+24-win.jar:na]
	at com.sun.javafx.application.LauncherImpl.lambda$launchApplication$2(LauncherImpl.java:195) ~[javafx-graphics-11-ea+24-win.jar:na]
	at java.base/java.lang.Thread.run(Thread.java:833) ~[na:na]
Caused by: org.sqlite.SQLiteException: [SQLITE_ERROR] SQL error or missing database (Cannot add a NOT NULL column with default value NULL)
	at org.sqlite.core.DB.newSQLException(DB.java:1179) ~[sqlite-jdbc-3.46.0.0.jar:na]
	at org.sqlite.core.DB.newSQLException(DB.java:1190) ~[sqlite-jdbc-3.46.0.0.jar:na]
	at org.sqlite.core.DB.execute(DB.java:988) ~[sqlite-jdbc-3.46.0.0.jar:na]
	at org.sqlite.core.CoreStatement.exec(CoreStatement.java:91) ~[sqlite-jdbc-3.46.0.0.jar:na]
	at org.sqlite.jdbc3.JDBC3Statement.lambda$execute$0(JDBC3Statement.java:55) ~[sqlite-jdbc-3.46.0.0.jar:na]
	at org.sqlite.jdbc3.JDBC3Statement.withConnectionTimeout(JDBC3Statement.java:454) ~[sqlite-jdbc-3.46.0.0.jar:na]
	at org.sqlite.jdbc3.JDBC3Statement.execute(JDBC3Statement.java:43) ~[sqlite-jdbc-3.46.0.0.jar:na]
	at com.zaxxer.hikari.pool.ProxyStatement.execute(ProxyStatement.java:94) ~[HikariCP-5.1.0.jar:na]
	at com.zaxxer.hikari.pool.HikariProxyStatement.execute(HikariProxyStatement.java) ~[HikariCP-5.1.0.jar:na]
	at org.hibernate.tool.schema.internal.exec.GenerationTargetToDatabase.accept(GenerationTargetToDatabase.java:80) ~[hibernate-core-6.5.3.Final.jar:6.5.3.Final]
	... 38 common frames omitted

2024-11-01T18:33:17.810-05:00  INFO 2688 --- [DemoLadFX] [JavaFX-Launcher] j.LocalContainerEntityManagerFactoryBean : Initialized JPA EntityManagerFactory for persistence unit 'default'
2024-11-01T18:33:18.286-05:00  INFO 2688 --- [DemoLadFX] [JavaFX-Launcher] o.s.boot.SpringApplication               : Started application in 4.234 seconds (process running for 5.035)
2024-11-01T18:33:18.362-05:00  WARN 2688 --- [DemoLadFX] [JavaFX-Launcher] javafx                                   : Loading FXML document with JavaFX API of version 17.0.12 by JavaFX runtime of version 11-ea
2024-11-01T18:33:18.574-05:00  INFO 2688 --- [DemoLadFX] [SpringApplicationShutdownHook] j.LocalContainerEntityManagerFactoryBean : Closing JPA EntityManagerFactory for persistence unit 'default'
2024-11-01T18:33:18.576-05:00  INFO 2688 --- [DemoLadFX] [SpringApplicationShutdownHook] com.zaxxer.hikari.HikariDataSource       : HikariPool-1 - Shutdown initiated...
2024-11-01T18:33:18.579-05:00  INFO 2688 --- [DemoLadFX] [SpringApplicationShutdownHook] com.zaxxer.hikari.HikariDataSource       : HikariPool-1 - Shutdown completed.
2024-11-01T18:36:14.460-05:00  INFO 12796 --- [DemoLadFX] [JavaFX-Launcher] o.s.boot.SpringApplication               : Starting application using Java 18.0.1.1 with PID 12796 (started by roycr in C:\Proyecto\POO2024_2\DemoLadFX)
2024-11-01T18:36:14.462-05:00  INFO 12796 --- [DemoLadFX] [JavaFX-Launcher] o.s.boot.SpringApplication               : No active profile set, falling back to 1 default profile: "default"
2024-11-01T18:36:15.242-05:00  INFO 12796 --- [DemoLadFX] [JavaFX-Launcher] .s.d.r.c.RepositoryConfigurationDelegate : Bootstrapping Spring Data JPA repositories in DEFAULT mode.
2024-11-01T18:36:15.305-05:00  INFO 12796 --- [DemoLadFX] [JavaFX-Launcher] .s.d.r.c.RepositoryConfigurationDelegate : Finished Spring Data repository scanning in 56 ms. Found 3 JPA repository interfaces.
2024-11-01T18:36:15.792-05:00  INFO 12796 --- [DemoLadFX] [JavaFX-Launcher] o.hibernate.jpa.internal.util.LogHelper  : HHH000204: Processing PersistenceUnitInfo [name: default]
2024-11-01T18:36:15.850-05:00  INFO 12796 --- [DemoLadFX] [JavaFX-Launcher] org.hibernate.Version                    : HHH000412: Hibernate ORM core version 6.5.3.Final
2024-11-01T18:36:15.876-05:00  INFO 12796 --- [DemoLadFX] [JavaFX-Launcher] o.h.c.internal.RegionFactoryInitiator    : HHH000026: Second-level cache disabled
2024-11-01T18:36:16.201-05:00  INFO 12796 --- [DemoLadFX] [JavaFX-Launcher] o.s.o.j.p.SpringPersistenceUnitInfo      : No LoadTimeWeaver setup: ignoring JPA class transformer
2024-11-01T18:36:16.225-05:00  INFO 12796 --- [DemoLadFX] [JavaFX-Launcher] com.zaxxer.hikari.HikariDataSource       : HikariPool-1 - Starting...
2024-11-01T18:36:16.354-05:00  INFO 12796 --- [DemoLadFX] [JavaFX-Launcher] com.zaxxer.hikari.pool.HikariPool        : HikariPool-1 - Added connection org.sqlite.jdbc4.JDBC4Connection@26c65685
2024-11-01T18:36:16.355-05:00  INFO 12796 --- [DemoLadFX] [JavaFX-Launcher] com.zaxxer.hikari.HikariDataSource       : HikariPool-1 - Start completed.
2024-11-01T18:36:17.376-05:00  INFO 12796 --- [DemoLadFX] [JavaFX-Launcher] o.h.e.t.j.p.i.JtaPlatformInitiator       : HHH000489: No JTA platform available (set 'hibernate.transaction.jta.platform' to enable JTA platform integration)
2024-11-01T18:36:17.407-05:00  WARN 12796 --- [DemoLadFX] [JavaFX-Launcher] o.h.t.s.i.ExceptionHandlerLoggedImpl     : GenerationTarget encountered exception accepting command : Error executing DDL "alter table roy_platos add column decripcion_platos varchar(60) not null" via JDBC [[SQLITE_ERROR] SQL error or missing database (Cannot add a NOT NULL column with default value NULL)]

org.hibernate.tool.schema.spi.CommandAcceptanceException: Error executing DDL "alter table roy_platos add column decripcion_platos varchar(60) not null" via JDBC [[SQLITE_ERROR] SQL error or missing database (Cannot add a NOT NULL column with default value NULL)]
	at org.hibernate.tool.schema.internal.exec.GenerationTargetToDatabase.accept(GenerationTargetToDatabase.java:94) ~[hibernate-core-6.5.3.Final.jar:6.5.3.Final]
	at org.hibernate.tool.schema.internal.AbstractSchemaMigrator.applySqlString(AbstractSchemaMigrator.java:583) ~[hibernate-core-6.5.3.Final.jar:6.5.3.Final]
	at org.hibernate.tool.schema.internal.AbstractSchemaMigrator.applySqlStrings(AbstractSchemaMigrator.java:523) ~[hibernate-core-6.5.3.Final.jar:6.5.3.Final]
	at org.hibernate.tool.schema.internal.AbstractSchemaMigrator.migrateTable(AbstractSchemaMigrator.java:341) ~[hibernate-core-6.5.3.Final.jar:6.5.3.Final]
	at org.hibernate.tool.schema.internal.GroupedSchemaMigratorImpl.performTablesMigration(GroupedSchemaMigratorImpl.java:84) ~[hibernate-core-6.5.3.Final.jar:6.5.3.Final]
	at org.hibernate.tool.schema.internal.AbstractSchemaMigrator.performMigration(AbstractSchemaMigrator.java:240) ~[hibernate-core-6.5.3.Final.jar:6.5.3.Final]
	at org.hibernate.tool.schema.internal.AbstractSchemaMigrator.doMigration(AbstractSchemaMigrator.java:119) ~[hibernate-core-6.5.3.Final.jar:6.5.3.Final]
	at org.hibernate.tool.schema.spi.SchemaManagementToolCoordinator.performDatabaseAction(SchemaManagementToolCoordinator.java:280) ~[hibernate-core-6.5.3.Final.jar:6.5.3.Final]
	at org.hibernate.tool.schema.spi.SchemaManagementToolCoordinator.lambda$process$5(SchemaManagementToolCoordinator.java:144) ~[hibernate-core-6.5.3.Final.jar:6.5.3.Final]
	at java.base/java.util.HashMap.forEach(HashMap.java:1421) ~[na:na]
	at org.hibernate.tool.schema.spi.SchemaManagementToolCoordinator.process(SchemaManagementToolCoordinator.java:141) ~[hibernate-core-6.5.3.Final.jar:6.5.3.Final]
	at org.hibernate.boot.internal.SessionFactoryObserverForSchemaExport.sessionFactoryCreated(SessionFactoryObserverForSchemaExport.java:37) ~[hibernate-core-6.5.3.Final.jar:6.5.3.Final]
	at org.hibernate.internal.SessionFactoryObserverChain.sessionFactoryCreated(SessionFactoryObserverChain.java:35) ~[hibernate-core-6.5.3.Final.jar:6.5.3.Final]
	at org.hibernate.internal.SessionFactoryImpl.<init>(SessionFactoryImpl.java:322) ~[hibernate-core-6.5.3.Final.jar:6.5.3.Final]
	at org.hibernate.boot.internal.SessionFactoryBuilderImpl.build(SessionFactoryBuilderImpl.java:457) ~[hibernate-core-6.5.3.Final.jar:6.5.3.Final]
	at org.hibernate.jpa.boot.internal.EntityManagerFactoryBuilderImpl.build(EntityManagerFactoryBuilderImpl.java:1506) ~[hibernate-core-6.5.3.Final.jar:6.5.3.Final]
	at org.springframework.orm.jpa.vendor.SpringHibernateJpaPersistenceProvider.createContainerEntityManagerFactory(SpringHibernateJpaPersistenceProvider.java:75) ~[spring-orm-6.1.13.jar:6.1.13]
	at org.springframework.orm.jpa.LocalContainerEntityManagerFactoryBean.createNativeEntityManagerFactory(LocalContainerEntityManagerFactoryBean.java:390) ~[spring-orm-6.1.13.jar:6.1.13]
	at org.springframework.orm.jpa.AbstractEntityManagerFactoryBean.buildNativeEntityManagerFactory(AbstractEntityManagerFactoryBean.java:409) ~[spring-orm-6.1.13.jar:6.1.13]
	at org.springframework.orm.jpa.AbstractEntityManagerFactoryBean.afterPropertiesSet(AbstractEntityManagerFactoryBean.java:396) ~[spring-orm-6.1.13.jar:6.1.13]
	at org.springframework.orm.jpa.LocalContainerEntityManagerFactoryBean.afterPropertiesSet(LocalContainerEntityManagerFactoryBean.java:366) ~[spring-orm-6.1.13.jar:6.1.13]
	at org.springframework.beans.factory.support.AbstractAutowireCapableBeanFactory.invokeInitMethods(AbstractAutowireCapableBeanFactory.java:1853) ~[spring-beans-6.1.13.jar:6.1.13]
	at org.springframework.beans.factory.support.AbstractAutowireCapableBeanFactory.initializeBean(AbstractAutowireCapableBeanFactory.java:1802) ~[spring-beans-6.1.13.jar:6.1.13]
	at org.springframework.beans.factory.support.AbstractAutowireCapableBeanFactory.doCreateBean(AbstractAutowireCapableBeanFactory.java:600) ~[spring-beans-6.1.13.jar:6.1.13]
	at org.springframework.beans.factory.support.AbstractAutowireCapableBeanFactory.createBean(AbstractAutowireCapableBeanFactory.java:522) ~[spring-beans-6.1.13.jar:6.1.13]
	at org.springframework.beans.factory.support.AbstractBeanFactory.lambda$doGetBean$0(AbstractBeanFactory.java:337) ~[spring-beans-6.1.13.jar:6.1.13]
	at org.springframework.beans.factory.support.DefaultSingletonBeanRegistry.getSingleton(DefaultSingletonBeanRegistry.java:234) ~[spring-beans-6.1.13.jar:6.1.13]
	at org.springframework.beans.factory.support.AbstractBeanFactory.doGetBean(AbstractBeanFactory.java:335) ~[spring-beans-6.1.13.jar:6.1.13]
	at org.springframework.beans.factory.support.AbstractBeanFactory.getBean(AbstractBeanFactory.java:205) ~[spring-beans-6.1.13.jar:6.1.13]
	at org.springframework.context.support.AbstractApplicationContext.finishBeanFactoryInitialization(AbstractApplicationContext.java:954) ~[spring-context-6.1.13.jar:6.1.13]
	at org.springframework.context.support.AbstractApplicationContext.refresh(AbstractApplicationContext.java:625) ~[spring-context-6.1.13.jar:6.1.13]
	at org.springframework.boot.SpringApplication.refresh(SpringApplication.java:754) ~[spring-boot-3.3.4.jar:3.3.4]
	at org.springframework.boot.SpringApplication.refreshContext(SpringApplication.java:456) ~[spring-boot-3.3.4.jar:3.3.4]
	at org.springframework.boot.SpringApplication.run(SpringApplication.java:335) ~[spring-boot-3.3.4.jar:3.3.4]
	at org.springframework.boot.builder.SpringApplicationBuilder.run(SpringApplicationBuilder.java:149) ~[spring-boot-3.3.4.jar:3.3.4]
	at pe.edu.upeu.demoldfx.DemoLadFxApplication.init(DemoLadFxApplication.java:29) ~[classes/:na]
	at com.sun.javafx.application.LauncherImpl.launchApplication1(LauncherImpl.java:824) ~[javafx-graphics-11-ea+24-win.jar:na]
	at com.sun.javafx.application.LauncherImpl.lambda$launchApplication$2(LauncherImpl.java:195) ~[javafx-graphics-11-ea+24-win.jar:na]
	at java.base/java.lang.Thread.run(Thread.java:833) ~[na:na]
Caused by: org.sqlite.SQLiteException: [SQLITE_ERROR] SQL error or missing database (Cannot add a NOT NULL column with default value NULL)
	at org.sqlite.core.DB.newSQLException(DB.java:1179) ~[sqlite-jdbc-3.46.0.0.jar:na]
	at org.sqlite.core.DB.newSQLException(DB.java:1190) ~[sqlite-jdbc-3.46.0.0.jar:na]
	at org.sqlite.core.DB.execute(DB.java:988) ~[sqlite-jdbc-3.46.0.0.jar:na]
	at org.sqlite.core.CoreStatement.exec(CoreStatement.java:91) ~[sqlite-jdbc-3.46.0.0.jar:na]
	at org.sqlite.jdbc3.JDBC3Statement.lambda$execute$0(JDBC3Statement.java:55) ~[sqlite-jdbc-3.46.0.0.jar:na]
	at org.sqlite.jdbc3.JDBC3Statement.withConnectionTimeout(JDBC3Statement.java:454) ~[sqlite-jdbc-3.46.0.0.jar:na]
	at org.sqlite.jdbc3.JDBC3Statement.execute(JDBC3Statement.java:43) ~[sqlite-jdbc-3.46.0.0.jar:na]
	at com.zaxxer.hikari.pool.ProxyStatement.execute(ProxyStatement.java:94) ~[HikariCP-5.1.0.jar:na]
	at com.zaxxer.hikari.pool.HikariProxyStatement.execute(HikariProxyStatement.java) ~[HikariCP-5.1.0.jar:na]
	at org.hibernate.tool.schema.internal.exec.GenerationTargetToDatabase.accept(GenerationTargetToDatabase.java:80) ~[hibernate-core-6.5.3.Final.jar:6.5.3.Final]
	... 38 common frames omitted

2024-11-01T18:36:17.411-05:00  WARN 12796 --- [DemoLadFX] [JavaFX-Launcher] o.h.t.s.i.ExceptionHandlerLoggedImpl     : GenerationTarget encountered exception accepting command : Error executing DDL "alter table roy_platos add column id_categoria bigint not null" via JDBC [[SQLITE_ERROR] SQL error or missing database (Cannot add a NOT NULL column with default value NULL)]

org.hibernate.tool.schema.spi.CommandAcceptanceException: Error executing DDL "alter table roy_platos add column id_categoria bigint not null" via JDBC [[SQLITE_ERROR] SQL error or missing database (Cannot add a NOT NULL column with default value NULL)]
	at org.hibernate.tool.schema.internal.exec.GenerationTargetToDatabase.accept(GenerationTargetToDatabase.java:94) ~[hibernate-core-6.5.3.Final.jar:6.5.3.Final]
	at org.hibernate.tool.schema.internal.AbstractSchemaMigrator.applySqlString(AbstractSchemaMigrator.java:583) ~[hibernate-core-6.5.3.Final.jar:6.5.3.Final]
	at org.hibernate.tool.schema.internal.AbstractSchemaMigrator.applySqlStrings(AbstractSchemaMigrator.java:523) ~[hibernate-core-6.5.3.Final.jar:6.5.3.Final]
	at org.hibernate.tool.schema.internal.AbstractSchemaMigrator.migrateTable(AbstractSchemaMigrator.java:341) ~[hibernate-core-6.5.3.Final.jar:6.5.3.Final]
	at org.hibernate.tool.schema.internal.GroupedSchemaMigratorImpl.performTablesMigration(GroupedSchemaMigratorImpl.java:84) ~[hibernate-core-6.5.3.Final.jar:6.5.3.Final]
	at org.hibernate.tool.schema.internal.AbstractSchemaMigrator.performMigration(AbstractSchemaMigrator.java:240) ~[hibernate-core-6.5.3.Final.jar:6.5.3.Final]
	at org.hibernate.tool.schema.internal.AbstractSchemaMigrator.doMigration(AbstractSchemaMigrator.java:119) ~[hibernate-core-6.5.3.Final.jar:6.5.3.Final]
	at org.hibernate.tool.schema.spi.SchemaManagementToolCoordinator.performDatabaseAction(SchemaManagementToolCoordinator.java:280) ~[hibernate-core-6.5.3.Final.jar:6.5.3.Final]
	at org.hibernate.tool.schema.spi.SchemaManagementToolCoordinator.lambda$process$5(SchemaManagementToolCoordinator.java:144) ~[hibernate-core-6.5.3.Final.jar:6.5.3.Final]
	at java.base/java.util.HashMap.forEach(HashMap.java:1421) ~[na:na]
	at org.hibernate.tool.schema.spi.SchemaManagementToolCoordinator.process(SchemaManagementToolCoordinator.java:141) ~[hibernate-core-6.5.3.Final.jar:6.5.3.Final]
	at org.hibernate.boot.internal.SessionFactoryObserverForSchemaExport.sessionFactoryCreated(SessionFactoryObserverForSchemaExport.java:37) ~[hibernate-core-6.5.3.Final.jar:6.5.3.Final]
	at org.hibernate.internal.SessionFactoryObserverChain.sessionFactoryCreated(SessionFactoryObserverChain.java:35) ~[hibernate-core-6.5.3.Final.jar:6.5.3.Final]
	at org.hibernate.internal.SessionFactoryImpl.<init>(SessionFactoryImpl.java:322) ~[hibernate-core-6.5.3.Final.jar:6.5.3.Final]
	at org.hibernate.boot.internal.SessionFactoryBuilderImpl.build(SessionFactoryBuilderImpl.java:457) ~[hibernate-core-6.5.3.Final.jar:6.5.3.Final]
	at org.hibernate.jpa.boot.internal.EntityManagerFactoryBuilderImpl.build(EntityManagerFactoryBuilderImpl.java:1506) ~[hibernate-core-6.5.3.Final.jar:6.5.3.Final]
	at org.springframework.orm.jpa.vendor.SpringHibernateJpaPersistenceProvider.createContainerEntityManagerFactory(SpringHibernateJpaPersistenceProvider.java:75) ~[spring-orm-6.1.13.jar:6.1.13]
	at org.springframework.orm.jpa.LocalContainerEntityManagerFactoryBean.createNativeEntityManagerFactory(LocalContainerEntityManagerFactoryBean.java:390) ~[spring-orm-6.1.13.jar:6.1.13]
	at org.springframework.orm.jpa.AbstractEntityManagerFactoryBean.buildNativeEntityManagerFactory(AbstractEntityManagerFactoryBean.java:409) ~[spring-orm-6.1.13.jar:6.1.13]
	at org.springframework.orm.jpa.AbstractEntityManagerFactoryBean.afterPropertiesSet(AbstractEntityManagerFactoryBean.java:396) ~[spring-orm-6.1.13.jar:6.1.13]
	at org.springframework.orm.jpa.LocalContainerEntityManagerFactoryBean.afterPropertiesSet(LocalContainerEntityManagerFactoryBean.java:366) ~[spring-orm-6.1.13.jar:6.1.13]
	at org.springframework.beans.factory.support.AbstractAutowireCapableBeanFactory.invokeInitMethods(AbstractAutowireCapableBeanFactory.java:1853) ~[spring-beans-6.1.13.jar:6.1.13]
	at org.springframework.beans.factory.support.AbstractAutowireCapableBeanFactory.initializeBean(AbstractAutowireCapableBeanFactory.java:1802) ~[spring-beans-6.1.13.jar:6.1.13]
	at org.springframework.beans.factory.support.AbstractAutowireCapableBeanFactory.doCreateBean(AbstractAutowireCapableBeanFactory.java:600) ~[spring-beans-6.1.13.jar:6.1.13]
	at org.springframework.beans.factory.support.AbstractAutowireCapableBeanFactory.createBean(AbstractAutowireCapableBeanFactory.java:522) ~[spring-beans-6.1.13.jar:6.1.13]
	at org.springframework.beans.factory.support.AbstractBeanFactory.lambda$doGetBean$0(AbstractBeanFactory.java:337) ~[spring-beans-6.1.13.jar:6.1.13]
	at org.springframework.beans.factory.support.DefaultSingletonBeanRegistry.getSingleton(DefaultSingletonBeanRegistry.java:234) ~[spring-beans-6.1.13.jar:6.1.13]
	at org.springframework.beans.factory.support.AbstractBeanFactory.doGetBean(AbstractBeanFactory.java:335) ~[spring-beans-6.1.13.jar:6.1.13]
	at org.springframework.beans.factory.support.AbstractBeanFactory.getBean(AbstractBeanFactory.java:205) ~[spring-beans-6.1.13.jar:6.1.13]
	at org.springframework.context.support.AbstractApplicationContext.finishBeanFactoryInitialization(AbstractApplicationContext.java:954) ~[spring-context-6.1.13.jar:6.1.13]
	at org.springframework.context.support.AbstractApplicationContext.refresh(AbstractApplicationContext.java:625) ~[spring-context-6.1.13.jar:6.1.13]
	at org.springframework.boot.SpringApplication.refresh(SpringApplication.java:754) ~[spring-boot-3.3.4.jar:3.3.4]
	at org.springframework.boot.SpringApplication.refreshContext(SpringApplication.java:456) ~[spring-boot-3.3.4.jar:3.3.4]
	at org.springframework.boot.SpringApplication.run(SpringApplication.java:335) ~[spring-boot-3.3.4.jar:3.3.4]
	at org.springframework.boot.builder.SpringApplicationBuilder.run(SpringApplicationBuilder.java:149) ~[spring-boot-3.3.4.jar:3.3.4]
	at pe.edu.upeu.demoldfx.DemoLadFxApplication.init(DemoLadFxApplication.java:29) ~[classes/:na]
	at com.sun.javafx.application.LauncherImpl.launchApplication1(LauncherImpl.java:824) ~[javafx-graphics-11-ea+24-win.jar:na]
	at com.sun.javafx.application.LauncherImpl.lambda$launchApplication$2(LauncherImpl.java:195) ~[javafx-graphics-11-ea+24-win.jar:na]
	at java.base/java.lang.Thread.run(Thread.java:833) ~[na:na]
Caused by: org.sqlite.SQLiteException: [SQLITE_ERROR] SQL error or missing database (Cannot add a NOT NULL column with default value NULL)
	at org.sqlite.core.DB.newSQLException(DB.java:1179) ~[sqlite-jdbc-3.46.0.0.jar:na]
	at org.sqlite.core.DB.newSQLException(DB.java:1190) ~[sqlite-jdbc-3.46.0.0.jar:na]
	at org.sqlite.core.DB.execute(DB.java:988) ~[sqlite-jdbc-3.46.0.0.jar:na]
	at org.sqlite.core.CoreStatement.exec(CoreStatement.java:91) ~[sqlite-jdbc-3.46.0.0.jar:na]
	at org.sqlite.jdbc3.JDBC3Statement.lambda$execute$0(JDBC3Statement.java:55) ~[sqlite-jdbc-3.46.0.0.jar:na]
	at org.sqlite.jdbc3.JDBC3Statement.withConnectionTimeout(JDBC3Statement.java:454) ~[sqlite-jdbc-3.46.0.0.jar:na]
	at org.sqlite.jdbc3.JDBC3Statement.execute(JDBC3Statement.java:43) ~[sqlite-jdbc-3.46.0.0.jar:na]
	at com.zaxxer.hikari.pool.ProxyStatement.execute(ProxyStatement.java:94) ~[HikariCP-5.1.0.jar:na]
	at com.zaxxer.hikari.pool.HikariProxyStatement.execute(HikariProxyStatement.java) ~[HikariCP-5.1.0.jar:na]
	at org.hibernate.tool.schema.internal.exec.GenerationTargetToDatabase.accept(GenerationTargetToDatabase.java:80) ~[hibernate-core-6.5.3.Final.jar:6.5.3.Final]
	... 38 common frames omitted

2024-11-01T18:36:17.416-05:00  INFO 12796 --- [DemoLadFX] [JavaFX-Launcher] j.LocalContainerEntityManagerFactoryBean : Initialized JPA EntityManagerFactory for persistence unit 'default'
2024-11-01T18:36:17.944-05:00  INFO 12796 --- [DemoLadFX] [JavaFX-Launcher] o.s.boot.SpringApplication               : Started application in 4.183 seconds (process running for 4.962)
2024-11-01T18:36:18.010-05:00  WARN 12796 --- [DemoLadFX] [JavaFX-Launcher] javafx                                   : Loading FXML document with JavaFX API of version 17.0.12 by JavaFX runtime of version 11-ea
2024-11-01T18:36:18.244-05:00  INFO 12796 --- [DemoLadFX] [SpringApplicationShutdownHook] j.LocalContainerEntityManagerFactoryBean : Closing JPA EntityManagerFactory for persistence unit 'default'
2024-11-01T18:36:18.246-05:00  INFO 12796 --- [DemoLadFX] [SpringApplicationShutdownHook] com.zaxxer.hikari.HikariDataSource       : HikariPool-1 - Shutdown initiated...
2024-11-01T18:36:18.248-05:00  INFO 12796 --- [DemoLadFX] [SpringApplicationShutdownHook] com.zaxxer.hikari.HikariDataSource       : HikariPool-1 - Shutdown completed.
2024-11-01T18:37:10.806-05:00  INFO 15596 --- [DemoLadFX] [JavaFX-Launcher] o.s.boot.SpringApplication               : Starting application using Java 18.0.1.1 with PID 15596 (started by roycr in C:\Proyecto\POO2024_2\DemoLadFX)
2024-11-01T18:37:10.809-05:00  INFO 15596 --- [DemoLadFX] [JavaFX-Launcher] o.s.boot.SpringApplication               : No active profile set, falling back to 1 default profile: "default"
2024-11-01T18:37:11.566-05:00  INFO 15596 --- [DemoLadFX] [JavaFX-Launcher] .s.d.r.c.RepositoryConfigurationDelegate : Bootstrapping Spring Data JPA repositories in DEFAULT mode.
2024-11-01T18:37:11.628-05:00  INFO 15596 --- [DemoLadFX] [JavaFX-Launcher] .s.d.r.c.RepositoryConfigurationDelegate : Finished Spring Data repository scanning in 56 ms. Found 3 JPA repository interfaces.
2024-11-01T18:37:12.140-05:00  INFO 15596 --- [DemoLadFX] [JavaFX-Launcher] o.hibernate.jpa.internal.util.LogHelper  : HHH000204: Processing PersistenceUnitInfo [name: default]
2024-11-01T18:37:12.209-05:00  INFO 15596 --- [DemoLadFX] [JavaFX-Launcher] org.hibernate.Version                    : HHH000412: Hibernate ORM core version 6.5.3.Final
2024-11-01T18:37:12.231-05:00  INFO 15596 --- [DemoLadFX] [JavaFX-Launcher] o.h.c.internal.RegionFactoryInitiator    : HHH000026: Second-level cache disabled
2024-11-01T18:37:12.593-05:00  INFO 15596 --- [DemoLadFX] [JavaFX-Launcher] o.s.o.j.p.SpringPersistenceUnitInfo      : No LoadTimeWeaver setup: ignoring JPA class transformer
2024-11-01T18:37:12.623-05:00  INFO 15596 --- [DemoLadFX] [JavaFX-Launcher] com.zaxxer.hikari.HikariDataSource       : HikariPool-1 - Starting...
2024-11-01T18:37:12.778-05:00  INFO 15596 --- [DemoLadFX] [JavaFX-Launcher] com.zaxxer.hikari.pool.HikariPool        : HikariPool-1 - Added connection org.sqlite.jdbc4.JDBC4Connection@642ba0e9
2024-11-01T18:37:12.780-05:00  INFO 15596 --- [DemoLadFX] [JavaFX-Launcher] com.zaxxer.hikari.HikariDataSource       : HikariPool-1 - Start completed.
2024-11-01T18:37:13.852-05:00  INFO 15596 --- [DemoLadFX] [JavaFX-Launcher] o.h.e.t.j.p.i.JtaPlatformInitiator       : HHH000489: No JTA platform available (set 'hibernate.transaction.jta.platform' to enable JTA platform integration)
2024-11-01T18:37:13.879-05:00  WARN 15596 --- [DemoLadFX] [JavaFX-Launcher] o.h.t.s.i.ExceptionHandlerLoggedImpl     : GenerationTarget encountered exception accepting command : Error executing DDL "alter table roy_platos add column decripcion_platos varchar(60) not null" via JDBC [[SQLITE_ERROR] SQL error or missing database (Cannot add a NOT NULL column with default value NULL)]

org.hibernate.tool.schema.spi.CommandAcceptanceException: Error executing DDL "alter table roy_platos add column decripcion_platos varchar(60) not null" via JDBC [[SQLITE_ERROR] SQL error or missing database (Cannot add a NOT NULL column with default value NULL)]
	at org.hibernate.tool.schema.internal.exec.GenerationTargetToDatabase.accept(GenerationTargetToDatabase.java:94) ~[hibernate-core-6.5.3.Final.jar:6.5.3.Final]
	at org.hibernate.tool.schema.internal.AbstractSchemaMigrator.applySqlString(AbstractSchemaMigrator.java:583) ~[hibernate-core-6.5.3.Final.jar:6.5.3.Final]
	at org.hibernate.tool.schema.internal.AbstractSchemaMigrator.applySqlStrings(AbstractSchemaMigrator.java:523) ~[hibernate-core-6.5.3.Final.jar:6.5.3.Final]
	at org.hibernate.tool.schema.internal.AbstractSchemaMigrator.migrateTable(AbstractSchemaMigrator.java:341) ~[hibernate-core-6.5.3.Final.jar:6.5.3.Final]
	at org.hibernate.tool.schema.internal.GroupedSchemaMigratorImpl.performTablesMigration(GroupedSchemaMigratorImpl.java:84) ~[hibernate-core-6.5.3.Final.jar:6.5.3.Final]
	at org.hibernate.tool.schema.internal.AbstractSchemaMigrator.performMigration(AbstractSchemaMigrator.java:240) ~[hibernate-core-6.5.3.Final.jar:6.5.3.Final]
	at org.hibernate.tool.schema.internal.AbstractSchemaMigrator.doMigration(AbstractSchemaMigrator.java:119) ~[hibernate-core-6.5.3.Final.jar:6.5.3.Final]
	at org.hibernate.tool.schema.spi.SchemaManagementToolCoordinator.performDatabaseAction(SchemaManagementToolCoordinator.java:280) ~[hibernate-core-6.5.3.Final.jar:6.5.3.Final]
	at org.hibernate.tool.schema.spi.SchemaManagementToolCoordinator.lambda$process$5(SchemaManagementToolCoordinator.java:144) ~[hibernate-core-6.5.3.Final.jar:6.5.3.Final]
	at java.base/java.util.HashMap.forEach(HashMap.java:1421) ~[na:na]
	at org.hibernate.tool.schema.spi.SchemaManagementToolCoordinator.process(SchemaManagementToolCoordinator.java:141) ~[hibernate-core-6.5.3.Final.jar:6.5.3.Final]
	at org.hibernate.boot.internal.SessionFactoryObserverForSchemaExport.sessionFactoryCreated(SessionFactoryObserverForSchemaExport.java:37) ~[hibernate-core-6.5.3.Final.jar:6.5.3.Final]
	at org.hibernate.internal.SessionFactoryObserverChain.sessionFactoryCreated(SessionFactoryObserverChain.java:35) ~[hibernate-core-6.5.3.Final.jar:6.5.3.Final]
	at org.hibernate.internal.SessionFactoryImpl.<init>(SessionFactoryImpl.java:322) ~[hibernate-core-6.5.3.Final.jar:6.5.3.Final]
	at org.hibernate.boot.internal.SessionFactoryBuilderImpl.build(SessionFactoryBuilderImpl.java:457) ~[hibernate-core-6.5.3.Final.jar:6.5.3.Final]
	at org.hibernate.jpa.boot.internal.EntityManagerFactoryBuilderImpl.build(EntityManagerFactoryBuilderImpl.java:1506) ~[hibernate-core-6.5.3.Final.jar:6.5.3.Final]
	at org.springframework.orm.jpa.vendor.SpringHibernateJpaPersistenceProvider.createContainerEntityManagerFactory(SpringHibernateJpaPersistenceProvider.java:75) ~[spring-orm-6.1.13.jar:6.1.13]
	at org.springframework.orm.jpa.LocalContainerEntityManagerFactoryBean.createNativeEntityManagerFactory(LocalContainerEntityManagerFactoryBean.java:390) ~[spring-orm-6.1.13.jar:6.1.13]
	at org.springframework.orm.jpa.AbstractEntityManagerFactoryBean.buildNativeEntityManagerFactory(AbstractEntityManagerFactoryBean.java:409) ~[spring-orm-6.1.13.jar:6.1.13]
	at org.springframework.orm.jpa.AbstractEntityManagerFactoryBean.afterPropertiesSet(AbstractEntityManagerFactoryBean.java:396) ~[spring-orm-6.1.13.jar:6.1.13]
	at org.springframework.orm.jpa.LocalContainerEntityManagerFactoryBean.afterPropertiesSet(LocalContainerEntityManagerFactoryBean.java:366) ~[spring-orm-6.1.13.jar:6.1.13]
	at org.springframework.beans.factory.support.AbstractAutowireCapableBeanFactory.invokeInitMethods(AbstractAutowireCapableBeanFactory.java:1853) ~[spring-beans-6.1.13.jar:6.1.13]
	at org.springframework.beans.factory.support.AbstractAutowireCapableBeanFactory.initializeBean(AbstractAutowireCapableBeanFactory.java:1802) ~[spring-beans-6.1.13.jar:6.1.13]
	at org.springframework.beans.factory.support.AbstractAutowireCapableBeanFactory.doCreateBean(AbstractAutowireCapableBeanFactory.java:600) ~[spring-beans-6.1.13.jar:6.1.13]
	at org.springframework.beans.factory.support.AbstractAutowireCapableBeanFactory.createBean(AbstractAutowireCapableBeanFactory.java:522) ~[spring-beans-6.1.13.jar:6.1.13]
	at org.springframework.beans.factory.support.AbstractBeanFactory.lambda$doGetBean$0(AbstractBeanFactory.java:337) ~[spring-beans-6.1.13.jar:6.1.13]
	at org.springframework.beans.factory.support.DefaultSingletonBeanRegistry.getSingleton(DefaultSingletonBeanRegistry.java:234) ~[spring-beans-6.1.13.jar:6.1.13]
	at org.springframework.beans.factory.support.AbstractBeanFactory.doGetBean(AbstractBeanFactory.java:335) ~[spring-beans-6.1.13.jar:6.1.13]
	at org.springframework.beans.factory.support.AbstractBeanFactory.getBean(AbstractBeanFactory.java:205) ~[spring-beans-6.1.13.jar:6.1.13]
	at org.springframework.context.support.AbstractApplicationContext.finishBeanFactoryInitialization(AbstractApplicationContext.java:954) ~[spring-context-6.1.13.jar:6.1.13]
	at org.springframework.context.support.AbstractApplicationContext.refresh(AbstractApplicationContext.java:625) ~[spring-context-6.1.13.jar:6.1.13]
	at org.springframework.boot.SpringApplication.refresh(SpringApplication.java:754) ~[spring-boot-3.3.4.jar:3.3.4]
	at org.springframework.boot.SpringApplication.refreshContext(SpringApplication.java:456) ~[spring-boot-3.3.4.jar:3.3.4]
	at org.springframework.boot.SpringApplication.run(SpringApplication.java:335) ~[spring-boot-3.3.4.jar:3.3.4]
	at org.springframework.boot.builder.SpringApplicationBuilder.run(SpringApplicationBuilder.java:149) ~[spring-boot-3.3.4.jar:3.3.4]
	at pe.edu.upeu.demoldfx.DemoLadFxApplication.init(DemoLadFxApplication.java:29) ~[classes/:na]
	at com.sun.javafx.application.LauncherImpl.launchApplication1(LauncherImpl.java:824) ~[javafx-graphics-11-ea+24-win.jar:na]
	at com.sun.javafx.application.LauncherImpl.lambda$launchApplication$2(LauncherImpl.java:195) ~[javafx-graphics-11-ea+24-win.jar:na]
	at java.base/java.lang.Thread.run(Thread.java:833) ~[na:na]
Caused by: org.sqlite.SQLiteException: [SQLITE_ERROR] SQL error or missing database (Cannot add a NOT NULL column with default value NULL)
	at org.sqlite.core.DB.newSQLException(DB.java:1179) ~[sqlite-jdbc-3.46.0.0.jar:na]
	at org.sqlite.core.DB.newSQLException(DB.java:1190) ~[sqlite-jdbc-3.46.0.0.jar:na]
	at org.sqlite.core.DB.execute(DB.java:988) ~[sqlite-jdbc-3.46.0.0.jar:na]
	at org.sqlite.core.CoreStatement.exec(CoreStatement.java:91) ~[sqlite-jdbc-3.46.0.0.jar:na]
	at org.sqlite.jdbc3.JDBC3Statement.lambda$execute$0(JDBC3Statement.java:55) ~[sqlite-jdbc-3.46.0.0.jar:na]
	at org.sqlite.jdbc3.JDBC3Statement.withConnectionTimeout(JDBC3Statement.java:454) ~[sqlite-jdbc-3.46.0.0.jar:na]
	at org.sqlite.jdbc3.JDBC3Statement.execute(JDBC3Statement.java:43) ~[sqlite-jdbc-3.46.0.0.jar:na]
	at com.zaxxer.hikari.pool.ProxyStatement.execute(ProxyStatement.java:94) ~[HikariCP-5.1.0.jar:na]
	at com.zaxxer.hikari.pool.HikariProxyStatement.execute(HikariProxyStatement.java) ~[HikariCP-5.1.0.jar:na]
	at org.hibernate.tool.schema.internal.exec.GenerationTargetToDatabase.accept(GenerationTargetToDatabase.java:80) ~[hibernate-core-6.5.3.Final.jar:6.5.3.Final]
	... 38 common frames omitted

2024-11-01T18:37:13.883-05:00  WARN 15596 --- [DemoLadFX] [JavaFX-Launcher] o.h.t.s.i.ExceptionHandlerLoggedImpl     : GenerationTarget encountered exception accepting command : Error executing DDL "alter table roy_platos add column id_categoria bigint not null" via JDBC [[SQLITE_ERROR] SQL error or missing database (Cannot add a NOT NULL column with default value NULL)]

org.hibernate.tool.schema.spi.CommandAcceptanceException: Error executing DDL "alter table roy_platos add column id_categoria bigint not null" via JDBC [[SQLITE_ERROR] SQL error or missing database (Cannot add a NOT NULL column with default value NULL)]
	at org.hibernate.tool.schema.internal.exec.GenerationTargetToDatabase.accept(GenerationTargetToDatabase.java:94) ~[hibernate-core-6.5.3.Final.jar:6.5.3.Final]
	at org.hibernate.tool.schema.internal.AbstractSchemaMigrator.applySqlString(AbstractSchemaMigrator.java:583) ~[hibernate-core-6.5.3.Final.jar:6.5.3.Final]
	at org.hibernate.tool.schema.internal.AbstractSchemaMigrator.applySqlStrings(AbstractSchemaMigrator.java:523) ~[hibernate-core-6.5.3.Final.jar:6.5.3.Final]
	at org.hibernate.tool.schema.internal.AbstractSchemaMigrator.migrateTable(AbstractSchemaMigrator.java:341) ~[hibernate-core-6.5.3.Final.jar:6.5.3.Final]
	at org.hibernate.tool.schema.internal.GroupedSchemaMigratorImpl.performTablesMigration(GroupedSchemaMigratorImpl.java:84) ~[hibernate-core-6.5.3.Final.jar:6.5.3.Final]
	at org.hibernate.tool.schema.internal.AbstractSchemaMigrator.performMigration(AbstractSchemaMigrator.java:240) ~[hibernate-core-6.5.3.Final.jar:6.5.3.Final]
	at org.hibernate.tool.schema.internal.AbstractSchemaMigrator.doMigration(AbstractSchemaMigrator.java:119) ~[hibernate-core-6.5.3.Final.jar:6.5.3.Final]
	at org.hibernate.tool.schema.spi.SchemaManagementToolCoordinator.performDatabaseAction(SchemaManagementToolCoordinator.java:280) ~[hibernate-core-6.5.3.Final.jar:6.5.3.Final]
	at org.hibernate.tool.schema.spi.SchemaManagementToolCoordinator.lambda$process$5(SchemaManagementToolCoordinator.java:144) ~[hibernate-core-6.5.3.Final.jar:6.5.3.Final]
	at java.base/java.util.HashMap.forEach(HashMap.java:1421) ~[na:na]
	at org.hibernate.tool.schema.spi.SchemaManagementToolCoordinator.process(SchemaManagementToolCoordinator.java:141) ~[hibernate-core-6.5.3.Final.jar:6.5.3.Final]
	at org.hibernate.boot.internal.SessionFactoryObserverForSchemaExport.sessionFactoryCreated(SessionFactoryObserverForSchemaExport.java:37) ~[hibernate-core-6.5.3.Final.jar:6.5.3.Final]
	at org.hibernate.internal.SessionFactoryObserverChain.sessionFactoryCreated(SessionFactoryObserverChain.java:35) ~[hibernate-core-6.5.3.Final.jar:6.5.3.Final]
	at org.hibernate.internal.SessionFactoryImpl.<init>(SessionFactoryImpl.java:322) ~[hibernate-core-6.5.3.Final.jar:6.5.3.Final]
	at org.hibernate.boot.internal.SessionFactoryBuilderImpl.build(SessionFactoryBuilderImpl.java:457) ~[hibernate-core-6.5.3.Final.jar:6.5.3.Final]
	at org.hibernate.jpa.boot.internal.EntityManagerFactoryBuilderImpl.build(EntityManagerFactoryBuilderImpl.java:1506) ~[hibernate-core-6.5.3.Final.jar:6.5.3.Final]
	at org.springframework.orm.jpa.vendor.SpringHibernateJpaPersistenceProvider.createContainerEntityManagerFactory(SpringHibernateJpaPersistenceProvider.java:75) ~[spring-orm-6.1.13.jar:6.1.13]
	at org.springframework.orm.jpa.LocalContainerEntityManagerFactoryBean.createNativeEntityManagerFactory(LocalContainerEntityManagerFactoryBean.java:390) ~[spring-orm-6.1.13.jar:6.1.13]
	at org.springframework.orm.jpa.AbstractEntityManagerFactoryBean.buildNativeEntityManagerFactory(AbstractEntityManagerFactoryBean.java:409) ~[spring-orm-6.1.13.jar:6.1.13]
	at org.springframework.orm.jpa.AbstractEntityManagerFactoryBean.afterPropertiesSet(AbstractEntityManagerFactoryBean.java:396) ~[spring-orm-6.1.13.jar:6.1.13]
	at org.springframework.orm.jpa.LocalContainerEntityManagerFactoryBean.afterPropertiesSet(LocalContainerEntityManagerFactoryBean.java:366) ~[spring-orm-6.1.13.jar:6.1.13]
	at org.springframework.beans.factory.support.AbstractAutowireCapableBeanFactory.invokeInitMethods(AbstractAutowireCapableBeanFactory.java:1853) ~[spring-beans-6.1.13.jar:6.1.13]
	at org.springframework.beans.factory.support.AbstractAutowireCapableBeanFactory.initializeBean(AbstractAutowireCapableBeanFactory.java:1802) ~[spring-beans-6.1.13.jar:6.1.13]
	at org.springframework.beans.factory.support.AbstractAutowireCapableBeanFactory.doCreateBean(AbstractAutowireCapableBeanFactory.java:600) ~[spring-beans-6.1.13.jar:6.1.13]
	at org.springframework.beans.factory.support.AbstractAutowireCapableBeanFactory.createBean(AbstractAutowireCapableBeanFactory.java:522) ~[spring-beans-6.1.13.jar:6.1.13]
	at org.springframework.beans.factory.support.AbstractBeanFactory.lambda$doGetBean$0(AbstractBeanFactory.java:337) ~[spring-beans-6.1.13.jar:6.1.13]
	at org.springframework.beans.factory.support.DefaultSingletonBeanRegistry.getSingleton(DefaultSingletonBeanRegistry.java:234) ~[spring-beans-6.1.13.jar:6.1.13]
	at org.springframework.beans.factory.support.AbstractBeanFactory.doGetBean(AbstractBeanFactory.java:335) ~[spring-beans-6.1.13.jar:6.1.13]
	at org.springframework.beans.factory.support.AbstractBeanFactory.getBean(AbstractBeanFactory.java:205) ~[spring-beans-6.1.13.jar:6.1.13]
	at org.springframework.context.support.AbstractApplicationContext.finishBeanFactoryInitialization(AbstractApplicationContext.java:954) ~[spring-context-6.1.13.jar:6.1.13]
	at org.springframework.context.support.AbstractApplicationContext.refresh(AbstractApplicationContext.java:625) ~[spring-context-6.1.13.jar:6.1.13]
	at org.springframework.boot.SpringApplication.refresh(SpringApplication.java:754) ~[spring-boot-3.3.4.jar:3.3.4]
	at org.springframework.boot.SpringApplication.refreshContext(SpringApplication.java:456) ~[spring-boot-3.3.4.jar:3.3.4]
	at org.springframework.boot.SpringApplication.run(SpringApplication.java:335) ~[spring-boot-3.3.4.jar:3.3.4]
	at org.springframework.boot.builder.SpringApplicationBuilder.run(SpringApplicationBuilder.java:149) ~[spring-boot-3.3.4.jar:3.3.4]
	at pe.edu.upeu.demoldfx.DemoLadFxApplication.init(DemoLadFxApplication.java:29) ~[classes/:na]
	at com.sun.javafx.application.LauncherImpl.launchApplication1(LauncherImpl.java:824) ~[javafx-graphics-11-ea+24-win.jar:na]
	at com.sun.javafx.application.LauncherImpl.lambda$launchApplication$2(LauncherImpl.java:195) ~[javafx-graphics-11-ea+24-win.jar:na]
	at java.base/java.lang.Thread.run(Thread.java:833) ~[na:na]
Caused by: org.sqlite.SQLiteException: [SQLITE_ERROR] SQL error or missing database (Cannot add a NOT NULL column with default value NULL)
	at org.sqlite.core.DB.newSQLException(DB.java:1179) ~[sqlite-jdbc-3.46.0.0.jar:na]
	at org.sqlite.core.DB.newSQLException(DB.java:1190) ~[sqlite-jdbc-3.46.0.0.jar:na]
	at org.sqlite.core.DB.execute(DB.java:988) ~[sqlite-jdbc-3.46.0.0.jar:na]
	at org.sqlite.core.CoreStatement.exec(CoreStatement.java:91) ~[sqlite-jdbc-3.46.0.0.jar:na]
	at org.sqlite.jdbc3.JDBC3Statement.lambda$execute$0(JDBC3Statement.java:55) ~[sqlite-jdbc-3.46.0.0.jar:na]
	at org.sqlite.jdbc3.JDBC3Statement.withConnectionTimeout(JDBC3Statement.java:454) ~[sqlite-jdbc-3.46.0.0.jar:na]
	at org.sqlite.jdbc3.JDBC3Statement.execute(JDBC3Statement.java:43) ~[sqlite-jdbc-3.46.0.0.jar:na]
	at com.zaxxer.hikari.pool.ProxyStatement.execute(ProxyStatement.java:94) ~[HikariCP-5.1.0.jar:na]
	at com.zaxxer.hikari.pool.HikariProxyStatement.execute(HikariProxyStatement.java) ~[HikariCP-5.1.0.jar:na]
	at org.hibernate.tool.schema.internal.exec.GenerationTargetToDatabase.accept(GenerationTargetToDatabase.java:80) ~[hibernate-core-6.5.3.Final.jar:6.5.3.Final]
	... 38 common frames omitted

2024-11-01T18:37:13.888-05:00  INFO 15596 --- [DemoLadFX] [JavaFX-Launcher] j.LocalContainerEntityManagerFactoryBean : Initialized JPA EntityManagerFactory for persistence unit 'default'
2024-11-01T18:37:14.372-05:00  INFO 15596 --- [DemoLadFX] [JavaFX-Launcher] o.s.boot.SpringApplication               : Started application in 4.257 seconds (process running for 5.005)
2024-11-01T18:37:14.443-05:00  WARN 15596 --- [DemoLadFX] [JavaFX-Launcher] javafx                                   : Loading FXML document with JavaFX API of version 17.0.12 by JavaFX runtime of version 11-ea
2024-11-01T18:37:14.808-05:00  WARN 15596 --- [DemoLadFX] [JavaFX-Launcher] o.h.engine.jdbc.spi.SqlExceptionHelper   : SQL Error: 1, SQLState: null
2024-11-01T18:37:14.808-05:00 ERROR 15596 --- [DemoLadFX] [JavaFX-Launcher] o.h.engine.jdbc.spi.SqlExceptionHelper   : [SQLITE_ERROR] SQL error or missing database (no such column: p1_0.id_categoria)
2024-11-01T18:37:53.975-05:00  WARN 15596 --- [DemoLadFX] [JavaFX Application Thread] o.h.engine.jdbc.spi.SqlExceptionHelper   : SQL Error: 1, SQLState: null
2024-11-01T18:37:53.975-05:00 ERROR 15596 --- [DemoLadFX] [JavaFX Application Thread] o.h.engine.jdbc.spi.SqlExceptionHelper   : [SQLITE_ERROR] SQL error or missing database (table roy_platos has no column named id_categoria)
2024-11-01T18:38:04.780-05:00  WARN 15596 --- [DemoLadFX] [JavaFX Application Thread] o.h.engine.jdbc.spi.SqlExceptionHelper   : SQL Error: 1, SQLState: null
2024-11-01T18:38:04.783-05:00 ERROR 15596 --- [DemoLadFX] [JavaFX Application Thread] o.h.engine.jdbc.spi.SqlExceptionHelper   : [SQLITE_ERROR] SQL error or missing database (table roy_platos has no column named id_categoria)
2024-11-01T18:38:09.816-05:00  INFO 15596 --- [DemoLadFX] [JavaFX Application Thread] j.LocalContainerEntityManagerFactoryBean : Closing JPA EntityManagerFactory for persistence unit 'default'
2024-11-01T18:38:09.818-05:00  INFO 15596 --- [DemoLadFX] [JavaFX Application Thread] com.zaxxer.hikari.HikariDataSource       : HikariPool-1 - Shutdown initiated...
2024-11-01T18:38:09.833-05:00  INFO 15596 --- [DemoLadFX] [JavaFX Application Thread] com.zaxxer.hikari.HikariDataSource       : HikariPool-1 - Shutdown completed.
2024-11-01T18:49:10.117-05:00  INFO 16952 --- [DemoLadFX] [JavaFX-Launcher] o.s.boot.SpringApplication               : Starting application using Java 18.0.1.1 with PID 16952 (started by roycr in C:\Proyecto\POO2024_2\DemoLadFX)
2024-11-01T18:49:10.119-05:00  INFO 16952 --- [DemoLadFX] [JavaFX-Launcher] o.s.boot.SpringApplication               : No active profile set, falling back to 1 default profile: "default"
2024-11-01T18:49:10.771-05:00  INFO 16952 --- [DemoLadFX] [JavaFX-Launcher] .s.d.r.c.RepositoryConfigurationDelegate : Bootstrapping Spring Data JPA repositories in DEFAULT mode.
2024-11-01T18:49:10.832-05:00  INFO 16952 --- [DemoLadFX] [JavaFX-Launcher] .s.d.r.c.RepositoryConfigurationDelegate : Finished Spring Data repository scanning in 53 ms. Found 3 JPA repository interfaces.
2024-11-01T18:49:11.278-05:00  INFO 16952 --- [DemoLadFX] [JavaFX-Launcher] o.hibernate.jpa.internal.util.LogHelper  : HHH000204: Processing PersistenceUnitInfo [name: default]
2024-11-01T18:49:11.334-05:00  INFO 16952 --- [DemoLadFX] [JavaFX-Launcher] org.hibernate.Version                    : HHH000412: Hibernate ORM core version 6.5.3.Final
2024-11-01T18:49:11.360-05:00  INFO 16952 --- [DemoLadFX] [JavaFX-Launcher] o.h.c.internal.RegionFactoryInitiator    : HHH000026: Second-level cache disabled
2024-11-01T18:49:11.702-05:00  INFO 16952 --- [DemoLadFX] [JavaFX-Launcher] o.s.o.j.p.SpringPersistenceUnitInfo      : No LoadTimeWeaver setup: ignoring JPA class transformer
2024-11-01T18:49:11.736-05:00  INFO 16952 --- [DemoLadFX] [JavaFX-Launcher] com.zaxxer.hikari.HikariDataSource       : HikariPool-1 - Starting...
2024-11-01T18:49:11.887-05:00  INFO 16952 --- [DemoLadFX] [JavaFX-Launcher] com.zaxxer.hikari.pool.HikariPool        : HikariPool-1 - Added connection org.sqlite.jdbc4.JDBC4Connection@6a46a1e9
2024-11-01T18:49:11.891-05:00  INFO 16952 --- [DemoLadFX] [JavaFX-Launcher] com.zaxxer.hikari.HikariDataSource       : HikariPool-1 - Start completed.
2024-11-01T18:49:12.853-05:00  INFO 16952 --- [DemoLadFX] [JavaFX-Launcher] o.h.e.t.j.p.i.JtaPlatformInitiator       : HHH000489: No JTA platform available (set 'hibernate.transaction.jta.platform' to enable JTA platform integration)
2024-11-01T18:49:12.886-05:00  WARN 16952 --- [DemoLadFX] [JavaFX-Launcher] o.h.t.s.i.ExceptionHandlerLoggedImpl     : GenerationTarget encountered exception accepting command : Error executing DDL "alter table roy_platos add column decripcion_platos varchar(60) not null" via JDBC [[SQLITE_ERROR] SQL error or missing database (Cannot add a NOT NULL column with default value NULL)]

org.hibernate.tool.schema.spi.CommandAcceptanceException: Error executing DDL "alter table roy_platos add column decripcion_platos varchar(60) not null" via JDBC [[SQLITE_ERROR] SQL error or missing database (Cannot add a NOT NULL column with default value NULL)]
	at org.hibernate.tool.schema.internal.exec.GenerationTargetToDatabase.accept(GenerationTargetToDatabase.java:94) ~[hibernate-core-6.5.3.Final.jar:6.5.3.Final]
	at org.hibernate.tool.schema.internal.AbstractSchemaMigrator.applySqlString(AbstractSchemaMigrator.java:583) ~[hibernate-core-6.5.3.Final.jar:6.5.3.Final]
	at org.hibernate.tool.schema.internal.AbstractSchemaMigrator.applySqlStrings(AbstractSchemaMigrator.java:523) ~[hibernate-core-6.5.3.Final.jar:6.5.3.Final]
	at org.hibernate.tool.schema.internal.AbstractSchemaMigrator.migrateTable(AbstractSchemaMigrator.java:341) ~[hibernate-core-6.5.3.Final.jar:6.5.3.Final]
	at org.hibernate.tool.schema.internal.GroupedSchemaMigratorImpl.performTablesMigration(GroupedSchemaMigratorImpl.java:84) ~[hibernate-core-6.5.3.Final.jar:6.5.3.Final]
	at org.hibernate.tool.schema.internal.AbstractSchemaMigrator.performMigration(AbstractSchemaMigrator.java:240) ~[hibernate-core-6.5.3.Final.jar:6.5.3.Final]
	at org.hibernate.tool.schema.internal.AbstractSchemaMigrator.doMigration(AbstractSchemaMigrator.java:119) ~[hibernate-core-6.5.3.Final.jar:6.5.3.Final]
	at org.hibernate.tool.schema.spi.SchemaManagementToolCoordinator.performDatabaseAction(SchemaManagementToolCoordinator.java:280) ~[hibernate-core-6.5.3.Final.jar:6.5.3.Final]
	at org.hibernate.tool.schema.spi.SchemaManagementToolCoordinator.lambda$process$5(SchemaManagementToolCoordinator.java:144) ~[hibernate-core-6.5.3.Final.jar:6.5.3.Final]
	at java.base/java.util.HashMap.forEach(HashMap.java:1421) ~[na:na]
	at org.hibernate.tool.schema.spi.SchemaManagementToolCoordinator.process(SchemaManagementToolCoordinator.java:141) ~[hibernate-core-6.5.3.Final.jar:6.5.3.Final]
	at org.hibernate.boot.internal.SessionFactoryObserverForSchemaExport.sessionFactoryCreated(SessionFactoryObserverForSchemaExport.java:37) ~[hibernate-core-6.5.3.Final.jar:6.5.3.Final]
	at org.hibernate.internal.SessionFactoryObserverChain.sessionFactoryCreated(SessionFactoryObserverChain.java:35) ~[hibernate-core-6.5.3.Final.jar:6.5.3.Final]
	at org.hibernate.internal.SessionFactoryImpl.<init>(SessionFactoryImpl.java:322) ~[hibernate-core-6.5.3.Final.jar:6.5.3.Final]
	at org.hibernate.boot.internal.SessionFactoryBuilderImpl.build(SessionFactoryBuilderImpl.java:457) ~[hibernate-core-6.5.3.Final.jar:6.5.3.Final]
	at org.hibernate.jpa.boot.internal.EntityManagerFactoryBuilderImpl.build(EntityManagerFactoryBuilderImpl.java:1506) ~[hibernate-core-6.5.3.Final.jar:6.5.3.Final]
	at org.springframework.orm.jpa.vendor.SpringHibernateJpaPersistenceProvider.createContainerEntityManagerFactory(SpringHibernateJpaPersistenceProvider.java:75) ~[spring-orm-6.1.13.jar:6.1.13]
	at org.springframework.orm.jpa.LocalContainerEntityManagerFactoryBean.createNativeEntityManagerFactory(LocalContainerEntityManagerFactoryBean.java:390) ~[spring-orm-6.1.13.jar:6.1.13]
	at org.springframework.orm.jpa.AbstractEntityManagerFactoryBean.buildNativeEntityManagerFactory(AbstractEntityManagerFactoryBean.java:409) ~[spring-orm-6.1.13.jar:6.1.13]
	at org.springframework.orm.jpa.AbstractEntityManagerFactoryBean.afterPropertiesSet(AbstractEntityManagerFactoryBean.java:396) ~[spring-orm-6.1.13.jar:6.1.13]
	at org.springframework.orm.jpa.LocalContainerEntityManagerFactoryBean.afterPropertiesSet(LocalContainerEntityManagerFactoryBean.java:366) ~[spring-orm-6.1.13.jar:6.1.13]
	at org.springframework.beans.factory.support.AbstractAutowireCapableBeanFactory.invokeInitMethods(AbstractAutowireCapableBeanFactory.java:1853) ~[spring-beans-6.1.13.jar:6.1.13]
	at org.springframework.beans.factory.support.AbstractAutowireCapableBeanFactory.initializeBean(AbstractAutowireCapableBeanFactory.java:1802) ~[spring-beans-6.1.13.jar:6.1.13]
	at org.springframework.beans.factory.support.AbstractAutowireCapableBeanFactory.doCreateBean(AbstractAutowireCapableBeanFactory.java:600) ~[spring-beans-6.1.13.jar:6.1.13]
	at org.springframework.beans.factory.support.AbstractAutowireCapableBeanFactory.createBean(AbstractAutowireCapableBeanFactory.java:522) ~[spring-beans-6.1.13.jar:6.1.13]
	at org.springframework.beans.factory.support.AbstractBeanFactory.lambda$doGetBean$0(AbstractBeanFactory.java:337) ~[spring-beans-6.1.13.jar:6.1.13]
	at org.springframework.beans.factory.support.DefaultSingletonBeanRegistry.getSingleton(DefaultSingletonBeanRegistry.java:234) ~[spring-beans-6.1.13.jar:6.1.13]
	at org.springframework.beans.factory.support.AbstractBeanFactory.doGetBean(AbstractBeanFactory.java:335) ~[spring-beans-6.1.13.jar:6.1.13]
	at org.springframework.beans.factory.support.AbstractBeanFactory.getBean(AbstractBeanFactory.java:205) ~[spring-beans-6.1.13.jar:6.1.13]
	at org.springframework.context.support.AbstractApplicationContext.finishBeanFactoryInitialization(AbstractApplicationContext.java:954) ~[spring-context-6.1.13.jar:6.1.13]
	at org.springframework.context.support.AbstractApplicationContext.refresh(AbstractApplicationContext.java:625) ~[spring-context-6.1.13.jar:6.1.13]
	at org.springframework.boot.SpringApplication.refresh(SpringApplication.java:754) ~[spring-boot-3.3.4.jar:3.3.4]
	at org.springframework.boot.SpringApplication.refreshContext(SpringApplication.java:456) ~[spring-boot-3.3.4.jar:3.3.4]
	at org.springframework.boot.SpringApplication.run(SpringApplication.java:335) ~[spring-boot-3.3.4.jar:3.3.4]
	at org.springframework.boot.builder.SpringApplicationBuilder.run(SpringApplicationBuilder.java:149) ~[spring-boot-3.3.4.jar:3.3.4]
	at pe.edu.upeu.demoldfx.DemoLadFxApplication.init(DemoLadFxApplication.java:29) ~[classes/:na]
	at com.sun.javafx.application.LauncherImpl.launchApplication1(LauncherImpl.java:824) ~[javafx-graphics-11-ea+24-win.jar:na]
	at com.sun.javafx.application.LauncherImpl.lambda$launchApplication$2(LauncherImpl.java:195) ~[javafx-graphics-11-ea+24-win.jar:na]
	at java.base/java.lang.Thread.run(Thread.java:833) ~[na:na]
Caused by: org.sqlite.SQLiteException: [SQLITE_ERROR] SQL error or missing database (Cannot add a NOT NULL column with default value NULL)
	at org.sqlite.core.DB.newSQLException(DB.java:1179) ~[sqlite-jdbc-3.46.0.0.jar:na]
	at org.sqlite.core.DB.newSQLException(DB.java:1190) ~[sqlite-jdbc-3.46.0.0.jar:na]
	at org.sqlite.core.DB.execute(DB.java:988) ~[sqlite-jdbc-3.46.0.0.jar:na]
	at org.sqlite.core.CoreStatement.exec(CoreStatement.java:91) ~[sqlite-jdbc-3.46.0.0.jar:na]
	at org.sqlite.jdbc3.JDBC3Statement.lambda$execute$0(JDBC3Statement.java:55) ~[sqlite-jdbc-3.46.0.0.jar:na]
	at org.sqlite.jdbc3.JDBC3Statement.withConnectionTimeout(JDBC3Statement.java:454) ~[sqlite-jdbc-3.46.0.0.jar:na]
	at org.sqlite.jdbc3.JDBC3Statement.execute(JDBC3Statement.java:43) ~[sqlite-jdbc-3.46.0.0.jar:na]
	at com.zaxxer.hikari.pool.ProxyStatement.execute(ProxyStatement.java:94) ~[HikariCP-5.1.0.jar:na]
	at com.zaxxer.hikari.pool.HikariProxyStatement.execute(HikariProxyStatement.java) ~[HikariCP-5.1.0.jar:na]
	at org.hibernate.tool.schema.internal.exec.GenerationTargetToDatabase.accept(GenerationTargetToDatabase.java:80) ~[hibernate-core-6.5.3.Final.jar:6.5.3.Final]
	... 38 common frames omitted

2024-11-01T18:49:12.890-05:00  WARN 16952 --- [DemoLadFX] [JavaFX-Launcher] o.h.t.s.i.ExceptionHandlerLoggedImpl     : GenerationTarget encountered exception accepting command : Error executing DDL "alter table roy_platos add column id_categoria bigint not null" via JDBC [[SQLITE_ERROR] SQL error or missing database (Cannot add a NOT NULL column with default value NULL)]

org.hibernate.tool.schema.spi.CommandAcceptanceException: Error executing DDL "alter table roy_platos add column id_categoria bigint not null" via JDBC [[SQLITE_ERROR] SQL error or missing database (Cannot add a NOT NULL column with default value NULL)]
	at org.hibernate.tool.schema.internal.exec.GenerationTargetToDatabase.accept(GenerationTargetToDatabase.java:94) ~[hibernate-core-6.5.3.Final.jar:6.5.3.Final]
	at org.hibernate.tool.schema.internal.AbstractSchemaMigrator.applySqlString(AbstractSchemaMigrator.java:583) ~[hibernate-core-6.5.3.Final.jar:6.5.3.Final]
	at org.hibernate.tool.schema.internal.AbstractSchemaMigrator.applySqlStrings(AbstractSchemaMigrator.java:523) ~[hibernate-core-6.5.3.Final.jar:6.5.3.Final]
	at org.hibernate.tool.schema.internal.AbstractSchemaMigrator.migrateTable(AbstractSchemaMigrator.java:341) ~[hibernate-core-6.5.3.Final.jar:6.5.3.Final]
	at org.hibernate.tool.schema.internal.GroupedSchemaMigratorImpl.performTablesMigration(GroupedSchemaMigratorImpl.java:84) ~[hibernate-core-6.5.3.Final.jar:6.5.3.Final]
	at org.hibernate.tool.schema.internal.AbstractSchemaMigrator.performMigration(AbstractSchemaMigrator.java:240) ~[hibernate-core-6.5.3.Final.jar:6.5.3.Final]
	at org.hibernate.tool.schema.internal.AbstractSchemaMigrator.doMigration(AbstractSchemaMigrator.java:119) ~[hibernate-core-6.5.3.Final.jar:6.5.3.Final]
	at org.hibernate.tool.schema.spi.SchemaManagementToolCoordinator.performDatabaseAction(SchemaManagementToolCoordinator.java:280) ~[hibernate-core-6.5.3.Final.jar:6.5.3.Final]
	at org.hibernate.tool.schema.spi.SchemaManagementToolCoordinator.lambda$process$5(SchemaManagementToolCoordinator.java:144) ~[hibernate-core-6.5.3.Final.jar:6.5.3.Final]
	at java.base/java.util.HashMap.forEach(HashMap.java:1421) ~[na:na]
	at org.hibernate.tool.schema.spi.SchemaManagementToolCoordinator.process(SchemaManagementToolCoordinator.java:141) ~[hibernate-core-6.5.3.Final.jar:6.5.3.Final]
	at org.hibernate.boot.internal.SessionFactoryObserverForSchemaExport.sessionFactoryCreated(SessionFactoryObserverForSchemaExport.java:37) ~[hibernate-core-6.5.3.Final.jar:6.5.3.Final]
	at org.hibernate.internal.SessionFactoryObserverChain.sessionFactoryCreated(SessionFactoryObserverChain.java:35) ~[hibernate-core-6.5.3.Final.jar:6.5.3.Final]
	at org.hibernate.internal.SessionFactoryImpl.<init>(SessionFactoryImpl.java:322) ~[hibernate-core-6.5.3.Final.jar:6.5.3.Final]
	at org.hibernate.boot.internal.SessionFactoryBuilderImpl.build(SessionFactoryBuilderImpl.java:457) ~[hibernate-core-6.5.3.Final.jar:6.5.3.Final]
	at org.hibernate.jpa.boot.internal.EntityManagerFactoryBuilderImpl.build(EntityManagerFactoryBuilderImpl.java:1506) ~[hibernate-core-6.5.3.Final.jar:6.5.3.Final]
	at org.springframework.orm.jpa.vendor.SpringHibernateJpaPersistenceProvider.createContainerEntityManagerFactory(SpringHibernateJpaPersistenceProvider.java:75) ~[spring-orm-6.1.13.jar:6.1.13]
	at org.springframework.orm.jpa.LocalContainerEntityManagerFactoryBean.createNativeEntityManagerFactory(LocalContainerEntityManagerFactoryBean.java:390) ~[spring-orm-6.1.13.jar:6.1.13]
	at org.springframework.orm.jpa.AbstractEntityManagerFactoryBean.buildNativeEntityManagerFactory(AbstractEntityManagerFactoryBean.java:409) ~[spring-orm-6.1.13.jar:6.1.13]
	at org.springframework.orm.jpa.AbstractEntityManagerFactoryBean.afterPropertiesSet(AbstractEntityManagerFactoryBean.java:396) ~[spring-orm-6.1.13.jar:6.1.13]
	at org.springframework.orm.jpa.LocalContainerEntityManagerFactoryBean.afterPropertiesSet(LocalContainerEntityManagerFactoryBean.java:366) ~[spring-orm-6.1.13.jar:6.1.13]
	at org.springframework.beans.factory.support.AbstractAutowireCapableBeanFactory.invokeInitMethods(AbstractAutowireCapableBeanFactory.java:1853) ~[spring-beans-6.1.13.jar:6.1.13]
	at org.springframework.beans.factory.support.AbstractAutowireCapableBeanFactory.initializeBean(AbstractAutowireCapableBeanFactory.java:1802) ~[spring-beans-6.1.13.jar:6.1.13]
	at org.springframework.beans.factory.support.AbstractAutowireCapableBeanFactory.doCreateBean(AbstractAutowireCapableBeanFactory.java:600) ~[spring-beans-6.1.13.jar:6.1.13]
	at org.springframework.beans.factory.support.AbstractAutowireCapableBeanFactory.createBean(AbstractAutowireCapableBeanFactory.java:522) ~[spring-beans-6.1.13.jar:6.1.13]
	at org.springframework.beans.factory.support.AbstractBeanFactory.lambda$doGetBean$0(AbstractBeanFactory.java:337) ~[spring-beans-6.1.13.jar:6.1.13]
	at org.springframework.beans.factory.support.DefaultSingletonBeanRegistry.getSingleton(DefaultSingletonBeanRegistry.java:234) ~[spring-beans-6.1.13.jar:6.1.13]
	at org.springframework.beans.factory.support.AbstractBeanFactory.doGetBean(AbstractBeanFactory.java:335) ~[spring-beans-6.1.13.jar:6.1.13]
	at org.springframework.beans.factory.support.AbstractBeanFactory.getBean(AbstractBeanFactory.java:205) ~[spring-beans-6.1.13.jar:6.1.13]
	at org.springframework.context.support.AbstractApplicationContext.finishBeanFactoryInitialization(AbstractApplicationContext.java:954) ~[spring-context-6.1.13.jar:6.1.13]
	at org.springframework.context.support.AbstractApplicationContext.refresh(AbstractApplicationContext.java:625) ~[spring-context-6.1.13.jar:6.1.13]
	at org.springframework.boot.SpringApplication.refresh(SpringApplication.java:754) ~[spring-boot-3.3.4.jar:3.3.4]
	at org.springframework.boot.SpringApplication.refreshContext(SpringApplication.java:456) ~[spring-boot-3.3.4.jar:3.3.4]
	at org.springframework.boot.SpringApplication.run(SpringApplication.java:335) ~[spring-boot-3.3.4.jar:3.3.4]
	at org.springframework.boot.builder.SpringApplicationBuilder.run(SpringApplicationBuilder.java:149) ~[spring-boot-3.3.4.jar:3.3.4]
	at pe.edu.upeu.demoldfx.DemoLadFxApplication.init(DemoLadFxApplication.java:29) ~[classes/:na]
	at com.sun.javafx.application.LauncherImpl.launchApplication1(LauncherImpl.java:824) ~[javafx-graphics-11-ea+24-win.jar:na]
	at com.sun.javafx.application.LauncherImpl.lambda$launchApplication$2(LauncherImpl.java:195) ~[javafx-graphics-11-ea+24-win.jar:na]
	at java.base/java.lang.Thread.run(Thread.java:833) ~[na:na]
Caused by: org.sqlite.SQLiteException: [SQLITE_ERROR] SQL error or missing database (Cannot add a NOT NULL column with default value NULL)
	at org.sqlite.core.DB.newSQLException(DB.java:1179) ~[sqlite-jdbc-3.46.0.0.jar:na]
	at org.sqlite.core.DB.newSQLException(DB.java:1190) ~[sqlite-jdbc-3.46.0.0.jar:na]
	at org.sqlite.core.DB.execute(DB.java:988) ~[sqlite-jdbc-3.46.0.0.jar:na]
	at org.sqlite.core.CoreStatement.exec(CoreStatement.java:91) ~[sqlite-jdbc-3.46.0.0.jar:na]
	at org.sqlite.jdbc3.JDBC3Statement.lambda$execute$0(JDBC3Statement.java:55) ~[sqlite-jdbc-3.46.0.0.jar:na]
	at org.sqlite.jdbc3.JDBC3Statement.withConnectionTimeout(JDBC3Statement.java:454) ~[sqlite-jdbc-3.46.0.0.jar:na]
	at org.sqlite.jdbc3.JDBC3Statement.execute(JDBC3Statement.java:43) ~[sqlite-jdbc-3.46.0.0.jar:na]
	at com.zaxxer.hikari.pool.ProxyStatement.execute(ProxyStatement.java:94) ~[HikariCP-5.1.0.jar:na]
	at com.zaxxer.hikari.pool.HikariProxyStatement.execute(HikariProxyStatement.java) ~[HikariCP-5.1.0.jar:na]
	at org.hibernate.tool.schema.internal.exec.GenerationTargetToDatabase.accept(GenerationTargetToDatabase.java:80) ~[hibernate-core-6.5.3.Final.jar:6.5.3.Final]
	... 38 common frames omitted

2024-11-01T18:49:12.893-05:00  INFO 16952 --- [DemoLadFX] [JavaFX-Launcher] j.LocalContainerEntityManagerFactoryBean : Initialized JPA EntityManagerFactory for persistence unit 'default'
2024-11-01T18:49:13.378-05:00  INFO 16952 --- [DemoLadFX] [JavaFX-Launcher] o.s.boot.SpringApplication               : Started application in 3.951 seconds (process running for 4.73)
2024-11-01T18:49:13.443-05:00  WARN 16952 --- [DemoLadFX] [JavaFX-Launcher] javafx                                   : Loading FXML document with JavaFX API of version 17.0.12 by JavaFX runtime of version 11-ea
2024-11-01T18:49:13.781-05:00  WARN 16952 --- [DemoLadFX] [JavaFX-Launcher] o.h.engine.jdbc.spi.SqlExceptionHelper   : SQL Error: 1, SQLState: null
2024-11-01T18:49:13.782-05:00 ERROR 16952 --- [DemoLadFX] [JavaFX-Launcher] o.h.engine.jdbc.spi.SqlExceptionHelper   : [SQLITE_ERROR] SQL error or missing database (no such column: p1_0.id_categoria)
2024-11-01T18:49:55.683-05:00  WARN 16952 --- [DemoLadFX] [JavaFX Application Thread] o.h.engine.jdbc.spi.SqlExceptionHelper   : SQL Error: 1, SQLState: null
2024-11-01T18:49:55.683-05:00 ERROR 16952 --- [DemoLadFX] [JavaFX Application Thread] o.h.engine.jdbc.spi.SqlExceptionHelper   : [SQLITE_ERROR] SQL error or missing database (table roy_platos has no column named id_categoria)
2024-11-01T19:00:56.002-05:00  INFO 16952 --- [DemoLadFX] [SpringApplicationShutdownHook] j.LocalContainerEntityManagerFactoryBean : Closing JPA EntityManagerFactory for persistence unit 'default'
2024-11-01T19:00:56.007-05:00  INFO 16952 --- [DemoLadFX] [SpringApplicationShutdownHook] com.zaxxer.hikari.HikariDataSource       : HikariPool-1 - Shutdown initiated...
2024-11-01T19:00:56.012-05:00  INFO 16952 --- [DemoLadFX] [SpringApplicationShutdownHook] com.zaxxer.hikari.HikariDataSource       : HikariPool-1 - Shutdown completed.
2024-11-01T19:01:41.618-05:00  INFO 16476 --- [DemoLadFX] [JavaFX-Launcher] o.s.boot.SpringApplication               : Starting application using Java 18.0.1.1 with PID 16476 (started by roycr in C:\Proyecto\POO2024_2\DemoLadFX)
2024-11-01T19:01:41.622-05:00  INFO 16476 --- [DemoLadFX] [JavaFX-Launcher] o.s.boot.SpringApplication               : No active profile set, falling back to 1 default profile: "default"
2024-11-01T19:01:42.298-05:00  INFO 16476 --- [DemoLadFX] [JavaFX-Launcher] .s.d.r.c.RepositoryConfigurationDelegate : Bootstrapping Spring Data JPA repositories in DEFAULT mode.
2024-11-01T19:01:42.370-05:00  INFO 16476 --- [DemoLadFX] [JavaFX-Launcher] .s.d.r.c.RepositoryConfigurationDelegate : Finished Spring Data repository scanning in 62 ms. Found 2 JPA repository interfaces.
2024-11-01T19:01:42.861-05:00  INFO 16476 --- [DemoLadFX] [JavaFX-Launcher] o.hibernate.jpa.internal.util.LogHelper  : HHH000204: Processing PersistenceUnitInfo [name: default]
2024-11-01T19:01:42.917-05:00  INFO 16476 --- [DemoLadFX] [JavaFX-Launcher] org.hibernate.Version                    : HHH000412: Hibernate ORM core version 6.5.3.Final
2024-11-01T19:01:42.947-05:00  INFO 16476 --- [DemoLadFX] [JavaFX-Launcher] o.h.c.internal.RegionFactoryInitiator    : HHH000026: Second-level cache disabled
2024-11-01T19:01:43.275-05:00  INFO 16476 --- [DemoLadFX] [JavaFX-Launcher] o.s.o.j.p.SpringPersistenceUnitInfo      : No LoadTimeWeaver setup: ignoring JPA class transformer
2024-11-01T19:01:43.303-05:00  INFO 16476 --- [DemoLadFX] [JavaFX-Launcher] com.zaxxer.hikari.HikariDataSource       : HikariPool-1 - Starting...
2024-11-01T19:01:43.433-05:00  INFO 16476 --- [DemoLadFX] [JavaFX-Launcher] com.zaxxer.hikari.pool.HikariPool        : HikariPool-1 - Added connection org.sqlite.jdbc4.JDBC4Connection@15c580af
2024-11-01T19:01:43.435-05:00  INFO 16476 --- [DemoLadFX] [JavaFX-Launcher] com.zaxxer.hikari.HikariDataSource       : HikariPool-1 - Start completed.
2024-11-01T19:01:44.485-05:00  INFO 16476 --- [DemoLadFX] [JavaFX-Launcher] o.h.e.t.j.p.i.JtaPlatformInitiator       : HHH000489: No JTA platform available (set 'hibernate.transaction.jta.platform' to enable JTA platform integration)
2024-11-01T19:01:44.517-05:00  WARN 16476 --- [DemoLadFX] [JavaFX-Launcher] o.h.t.s.i.ExceptionHandlerLoggedImpl     : GenerationTarget encountered exception accepting command : Error executing DDL "alter table roy_platos add column decripcion_platos varchar(60) not null" via JDBC [[SQLITE_ERROR] SQL error or missing database (Cannot add a NOT NULL column with default value NULL)]

org.hibernate.tool.schema.spi.CommandAcceptanceException: Error executing DDL "alter table roy_platos add column decripcion_platos varchar(60) not null" via JDBC [[SQLITE_ERROR] SQL error or missing database (Cannot add a NOT NULL column with default value NULL)]
	at org.hibernate.tool.schema.internal.exec.GenerationTargetToDatabase.accept(GenerationTargetToDatabase.java:94) ~[hibernate-core-6.5.3.Final.jar:6.5.3.Final]
	at org.hibernate.tool.schema.internal.AbstractSchemaMigrator.applySqlString(AbstractSchemaMigrator.java:583) ~[hibernate-core-6.5.3.Final.jar:6.5.3.Final]
	at org.hibernate.tool.schema.internal.AbstractSchemaMigrator.applySqlStrings(AbstractSchemaMigrator.java:523) ~[hibernate-core-6.5.3.Final.jar:6.5.3.Final]
	at org.hibernate.tool.schema.internal.AbstractSchemaMigrator.migrateTable(AbstractSchemaMigrator.java:341) ~[hibernate-core-6.5.3.Final.jar:6.5.3.Final]
	at org.hibernate.tool.schema.internal.GroupedSchemaMigratorImpl.performTablesMigration(GroupedSchemaMigratorImpl.java:84) ~[hibernate-core-6.5.3.Final.jar:6.5.3.Final]
	at org.hibernate.tool.schema.internal.AbstractSchemaMigrator.performMigration(AbstractSchemaMigrator.java:240) ~[hibernate-core-6.5.3.Final.jar:6.5.3.Final]
	at org.hibernate.tool.schema.internal.AbstractSchemaMigrator.doMigration(AbstractSchemaMigrator.java:119) ~[hibernate-core-6.5.3.Final.jar:6.5.3.Final]
	at org.hibernate.tool.schema.spi.SchemaManagementToolCoordinator.performDatabaseAction(SchemaManagementToolCoordinator.java:280) ~[hibernate-core-6.5.3.Final.jar:6.5.3.Final]
	at org.hibernate.tool.schema.spi.SchemaManagementToolCoordinator.lambda$process$5(SchemaManagementToolCoordinator.java:144) ~[hibernate-core-6.5.3.Final.jar:6.5.3.Final]
	at java.base/java.util.HashMap.forEach(HashMap.java:1421) ~[na:na]
	at org.hibernate.tool.schema.spi.SchemaManagementToolCoordinator.process(SchemaManagementToolCoordinator.java:141) ~[hibernate-core-6.5.3.Final.jar:6.5.3.Final]
	at org.hibernate.boot.internal.SessionFactoryObserverForSchemaExport.sessionFactoryCreated(SessionFactoryObserverForSchemaExport.java:37) ~[hibernate-core-6.5.3.Final.jar:6.5.3.Final]
	at org.hibernate.internal.SessionFactoryObserverChain.sessionFactoryCreated(SessionFactoryObserverChain.java:35) ~[hibernate-core-6.5.3.Final.jar:6.5.3.Final]
	at org.hibernate.internal.SessionFactoryImpl.<init>(SessionFactoryImpl.java:322) ~[hibernate-core-6.5.3.Final.jar:6.5.3.Final]
	at org.hibernate.boot.internal.SessionFactoryBuilderImpl.build(SessionFactoryBuilderImpl.java:457) ~[hibernate-core-6.5.3.Final.jar:6.5.3.Final]
	at org.hibernate.jpa.boot.internal.EntityManagerFactoryBuilderImpl.build(EntityManagerFactoryBuilderImpl.java:1506) ~[hibernate-core-6.5.3.Final.jar:6.5.3.Final]
	at org.springframework.orm.jpa.vendor.SpringHibernateJpaPersistenceProvider.createContainerEntityManagerFactory(SpringHibernateJpaPersistenceProvider.java:75) ~[spring-orm-6.1.13.jar:6.1.13]
	at org.springframework.orm.jpa.LocalContainerEntityManagerFactoryBean.createNativeEntityManagerFactory(LocalContainerEntityManagerFactoryBean.java:390) ~[spring-orm-6.1.13.jar:6.1.13]
	at org.springframework.orm.jpa.AbstractEntityManagerFactoryBean.buildNativeEntityManagerFactory(AbstractEntityManagerFactoryBean.java:409) ~[spring-orm-6.1.13.jar:6.1.13]
	at org.springframework.orm.jpa.AbstractEntityManagerFactoryBean.afterPropertiesSet(AbstractEntityManagerFactoryBean.java:396) ~[spring-orm-6.1.13.jar:6.1.13]
	at org.springframework.orm.jpa.LocalContainerEntityManagerFactoryBean.afterPropertiesSet(LocalContainerEntityManagerFactoryBean.java:366) ~[spring-orm-6.1.13.jar:6.1.13]
	at org.springframework.beans.factory.support.AbstractAutowireCapableBeanFactory.invokeInitMethods(AbstractAutowireCapableBeanFactory.java:1853) ~[spring-beans-6.1.13.jar:6.1.13]
	at org.springframework.beans.factory.support.AbstractAutowireCapableBeanFactory.initializeBean(AbstractAutowireCapableBeanFactory.java:1802) ~[spring-beans-6.1.13.jar:6.1.13]
	at org.springframework.beans.factory.support.AbstractAutowireCapableBeanFactory.doCreateBean(AbstractAutowireCapableBeanFactory.java:600) ~[spring-beans-6.1.13.jar:6.1.13]
	at org.springframework.beans.factory.support.AbstractAutowireCapableBeanFactory.createBean(AbstractAutowireCapableBeanFactory.java:522) ~[spring-beans-6.1.13.jar:6.1.13]
	at org.springframework.beans.factory.support.AbstractBeanFactory.lambda$doGetBean$0(AbstractBeanFactory.java:337) ~[spring-beans-6.1.13.jar:6.1.13]
	at org.springframework.beans.factory.support.DefaultSingletonBeanRegistry.getSingleton(DefaultSingletonBeanRegistry.java:234) ~[spring-beans-6.1.13.jar:6.1.13]
	at org.springframework.beans.factory.support.AbstractBeanFactory.doGetBean(AbstractBeanFactory.java:335) ~[spring-beans-6.1.13.jar:6.1.13]
	at org.springframework.beans.factory.support.AbstractBeanFactory.getBean(AbstractBeanFactory.java:205) ~[spring-beans-6.1.13.jar:6.1.13]
	at org.springframework.context.support.AbstractApplicationContext.finishBeanFactoryInitialization(AbstractApplicationContext.java:954) ~[spring-context-6.1.13.jar:6.1.13]
	at org.springframework.context.support.AbstractApplicationContext.refresh(AbstractApplicationContext.java:625) ~[spring-context-6.1.13.jar:6.1.13]
	at org.springframework.boot.SpringApplication.refresh(SpringApplication.java:754) ~[spring-boot-3.3.4.jar:3.3.4]
	at org.springframework.boot.SpringApplication.refreshContext(SpringApplication.java:456) ~[spring-boot-3.3.4.jar:3.3.4]
	at org.springframework.boot.SpringApplication.run(SpringApplication.java:335) ~[spring-boot-3.3.4.jar:3.3.4]
	at org.springframework.boot.builder.SpringApplicationBuilder.run(SpringApplicationBuilder.java:149) ~[spring-boot-3.3.4.jar:3.3.4]
	at pe.edu.upeu.demoldfx.DemoLadFxApplication.init(DemoLadFxApplication.java:29) ~[classes/:na]
	at com.sun.javafx.application.LauncherImpl.launchApplication1(LauncherImpl.java:824) ~[javafx-graphics-11-ea+24-win.jar:na]
	at com.sun.javafx.application.LauncherImpl.lambda$launchApplication$2(LauncherImpl.java:195) ~[javafx-graphics-11-ea+24-win.jar:na]
	at java.base/java.lang.Thread.run(Thread.java:833) ~[na:na]
Caused by: org.sqlite.SQLiteException: [SQLITE_ERROR] SQL error or missing database (Cannot add a NOT NULL column with default value NULL)
	at org.sqlite.core.DB.newSQLException(DB.java:1179) ~[sqlite-jdbc-3.46.0.0.jar:na]
	at org.sqlite.core.DB.newSQLException(DB.java:1190) ~[sqlite-jdbc-3.46.0.0.jar:na]
	at org.sqlite.core.DB.execute(DB.java:988) ~[sqlite-jdbc-3.46.0.0.jar:na]
	at org.sqlite.core.CoreStatement.exec(CoreStatement.java:91) ~[sqlite-jdbc-3.46.0.0.jar:na]
	at org.sqlite.jdbc3.JDBC3Statement.lambda$execute$0(JDBC3Statement.java:55) ~[sqlite-jdbc-3.46.0.0.jar:na]
	at org.sqlite.jdbc3.JDBC3Statement.withConnectionTimeout(JDBC3Statement.java:454) ~[sqlite-jdbc-3.46.0.0.jar:na]
	at org.sqlite.jdbc3.JDBC3Statement.execute(JDBC3Statement.java:43) ~[sqlite-jdbc-3.46.0.0.jar:na]
	at com.zaxxer.hikari.pool.ProxyStatement.execute(ProxyStatement.java:94) ~[HikariCP-5.1.0.jar:na]
	at com.zaxxer.hikari.pool.HikariProxyStatement.execute(HikariProxyStatement.java) ~[HikariCP-5.1.0.jar:na]
	at org.hibernate.tool.schema.internal.exec.GenerationTargetToDatabase.accept(GenerationTargetToDatabase.java:80) ~[hibernate-core-6.5.3.Final.jar:6.5.3.Final]
	... 38 common frames omitted

2024-11-01T19:01:44.521-05:00  WARN 16476 --- [DemoLadFX] [JavaFX-Launcher] o.h.t.s.i.ExceptionHandlerLoggedImpl     : GenerationTarget encountered exception accepting command : Error executing DDL "alter table roy_platos add column id_categoria bigint not null" via JDBC [[SQLITE_ERROR] SQL error or missing database (Cannot add a NOT NULL column with default value NULL)]

org.hibernate.tool.schema.spi.CommandAcceptanceException: Error executing DDL "alter table roy_platos add column id_categoria bigint not null" via JDBC [[SQLITE_ERROR] SQL error or missing database (Cannot add a NOT NULL column with default value NULL)]
	at org.hibernate.tool.schema.internal.exec.GenerationTargetToDatabase.accept(GenerationTargetToDatabase.java:94) ~[hibernate-core-6.5.3.Final.jar:6.5.3.Final]
	at org.hibernate.tool.schema.internal.AbstractSchemaMigrator.applySqlString(AbstractSchemaMigrator.java:583) ~[hibernate-core-6.5.3.Final.jar:6.5.3.Final]
	at org.hibernate.tool.schema.internal.AbstractSchemaMigrator.applySqlStrings(AbstractSchemaMigrator.java:523) ~[hibernate-core-6.5.3.Final.jar:6.5.3.Final]
	at org.hibernate.tool.schema.internal.AbstractSchemaMigrator.migrateTable(AbstractSchemaMigrator.java:341) ~[hibernate-core-6.5.3.Final.jar:6.5.3.Final]
	at org.hibernate.tool.schema.internal.GroupedSchemaMigratorImpl.performTablesMigration(GroupedSchemaMigratorImpl.java:84) ~[hibernate-core-6.5.3.Final.jar:6.5.3.Final]
	at org.hibernate.tool.schema.internal.AbstractSchemaMigrator.performMigration(AbstractSchemaMigrator.java:240) ~[hibernate-core-6.5.3.Final.jar:6.5.3.Final]
	at org.hibernate.tool.schema.internal.AbstractSchemaMigrator.doMigration(AbstractSchemaMigrator.java:119) ~[hibernate-core-6.5.3.Final.jar:6.5.3.Final]
	at org.hibernate.tool.schema.spi.SchemaManagementToolCoordinator.performDatabaseAction(SchemaManagementToolCoordinator.java:280) ~[hibernate-core-6.5.3.Final.jar:6.5.3.Final]
	at org.hibernate.tool.schema.spi.SchemaManagementToolCoordinator.lambda$process$5(SchemaManagementToolCoordinator.java:144) ~[hibernate-core-6.5.3.Final.jar:6.5.3.Final]
	at java.base/java.util.HashMap.forEach(HashMap.java:1421) ~[na:na]
	at org.hibernate.tool.schema.spi.SchemaManagementToolCoordinator.process(SchemaManagementToolCoordinator.java:141) ~[hibernate-core-6.5.3.Final.jar:6.5.3.Final]
	at org.hibernate.boot.internal.SessionFactoryObserverForSchemaExport.sessionFactoryCreated(SessionFactoryObserverForSchemaExport.java:37) ~[hibernate-core-6.5.3.Final.jar:6.5.3.Final]
	at org.hibernate.internal.SessionFactoryObserverChain.sessionFactoryCreated(SessionFactoryObserverChain.java:35) ~[hibernate-core-6.5.3.Final.jar:6.5.3.Final]
	at org.hibernate.internal.SessionFactoryImpl.<init>(SessionFactoryImpl.java:322) ~[hibernate-core-6.5.3.Final.jar:6.5.3.Final]
	at org.hibernate.boot.internal.SessionFactoryBuilderImpl.build(SessionFactoryBuilderImpl.java:457) ~[hibernate-core-6.5.3.Final.jar:6.5.3.Final]
	at org.hibernate.jpa.boot.internal.EntityManagerFactoryBuilderImpl.build(EntityManagerFactoryBuilderImpl.java:1506) ~[hibernate-core-6.5.3.Final.jar:6.5.3.Final]
	at org.springframework.orm.jpa.vendor.SpringHibernateJpaPersistenceProvider.createContainerEntityManagerFactory(SpringHibernateJpaPersistenceProvider.java:75) ~[spring-orm-6.1.13.jar:6.1.13]
	at org.springframework.orm.jpa.LocalContainerEntityManagerFactoryBean.createNativeEntityManagerFactory(LocalContainerEntityManagerFactoryBean.java:390) ~[spring-orm-6.1.13.jar:6.1.13]
	at org.springframework.orm.jpa.AbstractEntityManagerFactoryBean.buildNativeEntityManagerFactory(AbstractEntityManagerFactoryBean.java:409) ~[spring-orm-6.1.13.jar:6.1.13]
	at org.springframework.orm.jpa.AbstractEntityManagerFactoryBean.afterPropertiesSet(AbstractEntityManagerFactoryBean.java:396) ~[spring-orm-6.1.13.jar:6.1.13]
	at org.springframework.orm.jpa.LocalContainerEntityManagerFactoryBean.afterPropertiesSet(LocalContainerEntityManagerFactoryBean.java:366) ~[spring-orm-6.1.13.jar:6.1.13]
	at org.springframework.beans.factory.support.AbstractAutowireCapableBeanFactory.invokeInitMethods(AbstractAutowireCapableBeanFactory.java:1853) ~[spring-beans-6.1.13.jar:6.1.13]
	at org.springframework.beans.factory.support.AbstractAutowireCapableBeanFactory.initializeBean(AbstractAutowireCapableBeanFactory.java:1802) ~[spring-beans-6.1.13.jar:6.1.13]
	at org.springframework.beans.factory.support.AbstractAutowireCapableBeanFactory.doCreateBean(AbstractAutowireCapableBeanFactory.java:600) ~[spring-beans-6.1.13.jar:6.1.13]
	at org.springframework.beans.factory.support.AbstractAutowireCapableBeanFactory.createBean(AbstractAutowireCapableBeanFactory.java:522) ~[spring-beans-6.1.13.jar:6.1.13]
	at org.springframework.beans.factory.support.AbstractBeanFactory.lambda$doGetBean$0(AbstractBeanFactory.java:337) ~[spring-beans-6.1.13.jar:6.1.13]
	at org.springframework.beans.factory.support.DefaultSingletonBeanRegistry.getSingleton(DefaultSingletonBeanRegistry.java:234) ~[spring-beans-6.1.13.jar:6.1.13]
	at org.springframework.beans.factory.support.AbstractBeanFactory.doGetBean(AbstractBeanFactory.java:335) ~[spring-beans-6.1.13.jar:6.1.13]
	at org.springframework.beans.factory.support.AbstractBeanFactory.getBean(AbstractBeanFactory.java:205) ~[spring-beans-6.1.13.jar:6.1.13]
	at org.springframework.context.support.AbstractApplicationContext.finishBeanFactoryInitialization(AbstractApplicationContext.java:954) ~[spring-context-6.1.13.jar:6.1.13]
	at org.springframework.context.support.AbstractApplicationContext.refresh(AbstractApplicationContext.java:625) ~[spring-context-6.1.13.jar:6.1.13]
	at org.springframework.boot.SpringApplication.refresh(SpringApplication.java:754) ~[spring-boot-3.3.4.jar:3.3.4]
	at org.springframework.boot.SpringApplication.refreshContext(SpringApplication.java:456) ~[spring-boot-3.3.4.jar:3.3.4]
	at org.springframework.boot.SpringApplication.run(SpringApplication.java:335) ~[spring-boot-3.3.4.jar:3.3.4]
	at org.springframework.boot.builder.SpringApplicationBuilder.run(SpringApplicationBuilder.java:149) ~[spring-boot-3.3.4.jar:3.3.4]
	at pe.edu.upeu.demoldfx.DemoLadFxApplication.init(DemoLadFxApplication.java:29) ~[classes/:na]
	at com.sun.javafx.application.LauncherImpl.launchApplication1(LauncherImpl.java:824) ~[javafx-graphics-11-ea+24-win.jar:na]
	at com.sun.javafx.application.LauncherImpl.lambda$launchApplication$2(LauncherImpl.java:195) ~[javafx-graphics-11-ea+24-win.jar:na]
	at java.base/java.lang.Thread.run(Thread.java:833) ~[na:na]
Caused by: org.sqlite.SQLiteException: [SQLITE_ERROR] SQL error or missing database (Cannot add a NOT NULL column with default value NULL)
	at org.sqlite.core.DB.newSQLException(DB.java:1179) ~[sqlite-jdbc-3.46.0.0.jar:na]
	at org.sqlite.core.DB.newSQLException(DB.java:1190) ~[sqlite-jdbc-3.46.0.0.jar:na]
	at org.sqlite.core.DB.execute(DB.java:988) ~[sqlite-jdbc-3.46.0.0.jar:na]
	at org.sqlite.core.CoreStatement.exec(CoreStatement.java:91) ~[sqlite-jdbc-3.46.0.0.jar:na]
	at org.sqlite.jdbc3.JDBC3Statement.lambda$execute$0(JDBC3Statement.java:55) ~[sqlite-jdbc-3.46.0.0.jar:na]
	at org.sqlite.jdbc3.JDBC3Statement.withConnectionTimeout(JDBC3Statement.java:454) ~[sqlite-jdbc-3.46.0.0.jar:na]
	at org.sqlite.jdbc3.JDBC3Statement.execute(JDBC3Statement.java:43) ~[sqlite-jdbc-3.46.0.0.jar:na]
	at com.zaxxer.hikari.pool.ProxyStatement.execute(ProxyStatement.java:94) ~[HikariCP-5.1.0.jar:na]
	at com.zaxxer.hikari.pool.HikariProxyStatement.execute(HikariProxyStatement.java) ~[HikariCP-5.1.0.jar:na]
	at org.hibernate.tool.schema.internal.exec.GenerationTargetToDatabase.accept(GenerationTargetToDatabase.java:80) ~[hibernate-core-6.5.3.Final.jar:6.5.3.Final]
	... 38 common frames omitted

2024-11-01T19:01:44.524-05:00  INFO 16476 --- [DemoLadFX] [JavaFX-Launcher] j.LocalContainerEntityManagerFactoryBean : Initialized JPA EntityManagerFactory for persistence unit 'default'
2024-11-01T19:01:45.061-05:00  INFO 16476 --- [DemoLadFX] [JavaFX-Launcher] o.s.boot.SpringApplication               : Started application in 4.135 seconds (process running for 4.907)
2024-11-01T19:01:45.130-05:00  WARN 16476 --- [DemoLadFX] [JavaFX-Launcher] javafx                                   : Loading FXML document with JavaFX API of version 17.0.12 by JavaFX runtime of version 11-ea
2024-11-01T19:01:45.487-05:00  WARN 16476 --- [DemoLadFX] [JavaFX-Launcher] o.h.engine.jdbc.spi.SqlExceptionHelper   : SQL Error: 1, SQLState: null
2024-11-01T19:01:45.487-05:00 ERROR 16476 --- [DemoLadFX] [JavaFX-Launcher] o.h.engine.jdbc.spi.SqlExceptionHelper   : [SQLITE_ERROR] SQL error or missing database (no such column: p1_0.id_categoria)
2024-11-01T19:03:20.357-05:00  WARN 16476 --- [DemoLadFX] [JavaFX Application Thread] o.h.engine.jdbc.spi.SqlExceptionHelper   : SQL Error: 1, SQLState: null
2024-11-01T19:03:20.357-05:00 ERROR 16476 --- [DemoLadFX] [JavaFX Application Thread] o.h.engine.jdbc.spi.SqlExceptionHelper   : [SQLITE_ERROR] SQL error or missing database (table roy_platos has no column named id_categoria)
2024-11-01T19:06:51.858-05:00  WARN 16476 --- [DemoLadFX] [JavaFX Application Thread] o.h.engine.jdbc.spi.SqlExceptionHelper   : SQL Error: 1, SQLState: null
2024-11-01T19:06:51.859-05:00 ERROR 16476 --- [DemoLadFX] [JavaFX Application Thread] o.h.engine.jdbc.spi.SqlExceptionHelper   : [SQLITE_ERROR] SQL error or missing database (table roy_platos has no column named id_categoria)
2024-11-01T19:07:02.840-05:00  INFO 16476 --- [DemoLadFX] [JavaFX Application Thread] j.LocalContainerEntityManagerFactoryBean : Closing JPA EntityManagerFactory for persistence unit 'default'
2024-11-01T19:07:02.844-05:00  INFO 16476 --- [DemoLadFX] [JavaFX Application Thread] com.zaxxer.hikari.HikariDataSource       : HikariPool-1 - Shutdown initiated...
2024-11-01T19:07:02.847-05:00  INFO 16476 --- [DemoLadFX] [JavaFX Application Thread] com.zaxxer.hikari.HikariDataSource       : HikariPool-1 - Shutdown completed.
2024-11-01T19:15:30.141-05:00  INFO 22416 --- [DemoLadFX] [JavaFX-Launcher] o.s.boot.SpringApplication               : Starting application using Java 18.0.1.1 with PID 22416 (started by roycr in C:\Proyecto\POO2024_2\DemoLadFX)
2024-11-01T19:15:30.143-05:00  INFO 22416 --- [DemoLadFX] [JavaFX-Launcher] o.s.boot.SpringApplication               : No active profile set, falling back to 1 default profile: "default"
2024-11-01T19:15:30.808-05:00  INFO 22416 --- [DemoLadFX] [JavaFX-Launcher] .s.d.r.c.RepositoryConfigurationDelegate : Bootstrapping Spring Data JPA repositories in DEFAULT mode.
2024-11-01T19:15:30.870-05:00  INFO 22416 --- [DemoLadFX] [JavaFX-Launcher] .s.d.r.c.RepositoryConfigurationDelegate : Finished Spring Data repository scanning in 54 ms. Found 2 JPA repository interfaces.
2024-11-01T19:15:31.295-05:00  INFO 22416 --- [DemoLadFX] [JavaFX-Launcher] o.hibernate.jpa.internal.util.LogHelper  : HHH000204: Processing PersistenceUnitInfo [name: default]
2024-11-01T19:15:31.351-05:00  INFO 22416 --- [DemoLadFX] [JavaFX-Launcher] org.hibernate.Version                    : HHH000412: Hibernate ORM core version 6.5.3.Final
2024-11-01T19:15:31.377-05:00  INFO 22416 --- [DemoLadFX] [JavaFX-Launcher] o.h.c.internal.RegionFactoryInitiator    : HHH000026: Second-level cache disabled
2024-11-01T19:15:31.766-05:00  INFO 22416 --- [DemoLadFX] [JavaFX-Launcher] o.s.o.j.p.SpringPersistenceUnitInfo      : No LoadTimeWeaver setup: ignoring JPA class transformer
2024-11-01T19:15:31.793-05:00  INFO 22416 --- [DemoLadFX] [JavaFX-Launcher] com.zaxxer.hikari.HikariDataSource       : HikariPool-1 - Starting...
2024-11-01T19:15:31.924-05:00  INFO 22416 --- [DemoLadFX] [JavaFX-Launcher] com.zaxxer.hikari.pool.HikariPool        : HikariPool-1 - Added connection org.sqlite.jdbc4.JDBC4Connection@7c60d9af
2024-11-01T19:15:31.927-05:00  INFO 22416 --- [DemoLadFX] [JavaFX-Launcher] com.zaxxer.hikari.HikariDataSource       : HikariPool-1 - Start completed.
2024-11-01T19:15:32.855-05:00  INFO 22416 --- [DemoLadFX] [JavaFX-Launcher] o.h.e.t.j.p.i.JtaPlatformInitiator       : HHH000489: No JTA platform available (set 'hibernate.transaction.jta.platform' to enable JTA platform integration)
2024-11-01T19:15:32.898-05:00  INFO 22416 --- [DemoLadFX] [JavaFX-Launcher] j.LocalContainerEntityManagerFactoryBean : Initialized JPA EntityManagerFactory for persistence unit 'default'
2024-11-01T19:15:33.472-05:00  INFO 22416 --- [DemoLadFX] [JavaFX-Launcher] o.s.boot.SpringApplication               : Started application in 4.024 seconds (process running for 4.778)
2024-11-01T19:15:33.530-05:00  WARN 22416 --- [DemoLadFX] [JavaFX-Launcher] javafx                                   : Loading FXML document with JavaFX API of version 17.0.12 by JavaFX runtime of version 11-ea
2024-11-01T19:16:23.042-05:00  INFO 22416 --- [DemoLadFX] [JavaFX Application Thread] j.LocalContainerEntityManagerFactoryBean : Closing JPA EntityManagerFactory for persistence unit 'default'
2024-11-01T19:16:23.045-05:00  INFO 22416 --- [DemoLadFX] [JavaFX Application Thread] com.zaxxer.hikari.HikariDataSource       : HikariPool-1 - Shutdown initiated...
2024-11-01T19:16:23.049-05:00  INFO 22416 --- [DemoLadFX] [JavaFX Application Thread] com.zaxxer.hikari.HikariDataSource       : HikariPool-1 - Shutdown completed.
2024-11-01T19:17:48.725-05:00  INFO 11540 --- [DemoLadFX] [JavaFX-Launcher] o.s.boot.SpringApplication               : Starting application using Java 18.0.1.1 with PID 11540 (started by roycr in C:\Proyecto\POO2024_2\DemoLadFX)
2024-11-01T19:17:48.728-05:00  INFO 11540 --- [DemoLadFX] [JavaFX-Launcher] o.s.boot.SpringApplication               : No active profile set, falling back to 1 default profile: "default"
2024-11-01T19:17:49.397-05:00  INFO 11540 --- [DemoLadFX] [JavaFX-Launcher] .s.d.r.c.RepositoryConfigurationDelegate : Bootstrapping Spring Data JPA repositories in DEFAULT mode.
2024-11-01T19:17:49.461-05:00  INFO 11540 --- [DemoLadFX] [JavaFX-Launcher] .s.d.r.c.RepositoryConfigurationDelegate : Finished Spring Data repository scanning in 55 ms. Found 2 JPA repository interfaces.
2024-11-01T19:17:49.895-05:00  INFO 11540 --- [DemoLadFX] [JavaFX-Launcher] o.hibernate.jpa.internal.util.LogHelper  : HHH000204: Processing PersistenceUnitInfo [name: default]
2024-11-01T19:17:49.947-05:00  INFO 11540 --- [DemoLadFX] [JavaFX-Launcher] org.hibernate.Version                    : HHH000412: Hibernate ORM core version 6.5.3.Final
2024-11-01T19:17:49.971-05:00  INFO 11540 --- [DemoLadFX] [JavaFX-Launcher] o.h.c.internal.RegionFactoryInitiator    : HHH000026: Second-level cache disabled
2024-11-01T19:17:50.325-05:00  INFO 11540 --- [DemoLadFX] [JavaFX-Launcher] o.s.o.j.p.SpringPersistenceUnitInfo      : No LoadTimeWeaver setup: ignoring JPA class transformer
2024-11-01T19:17:50.356-05:00  INFO 11540 --- [DemoLadFX] [JavaFX-Launcher] com.zaxxer.hikari.HikariDataSource       : HikariPool-1 - Starting...
2024-11-01T19:17:50.497-05:00  INFO 11540 --- [DemoLadFX] [JavaFX-Launcher] com.zaxxer.hikari.pool.HikariPool        : HikariPool-1 - Added connection org.sqlite.jdbc4.JDBC4Connection@2dce0e17
2024-11-01T19:17:50.500-05:00  INFO 11540 --- [DemoLadFX] [JavaFX-Launcher] com.zaxxer.hikari.HikariDataSource       : HikariPool-1 - Start completed.
2024-11-01T19:17:51.452-05:00  INFO 11540 --- [DemoLadFX] [JavaFX-Launcher] o.h.e.t.j.p.i.JtaPlatformInitiator       : HHH000489: No JTA platform available (set 'hibernate.transaction.jta.platform' to enable JTA platform integration)
2024-11-01T19:17:51.478-05:00  INFO 11540 --- [DemoLadFX] [JavaFX-Launcher] j.LocalContainerEntityManagerFactoryBean : Initialized JPA EntityManagerFactory for persistence unit 'default'
2024-11-01T19:17:52.092-05:00  INFO 11540 --- [DemoLadFX] [JavaFX-Launcher] o.s.boot.SpringApplication               : Started application in 4.055 seconds (process running for 4.866)
2024-11-01T19:17:52.189-05:00  WARN 11540 --- [DemoLadFX] [JavaFX-Launcher] javafx                                   : Loading FXML document with JavaFX API of version 17.0.12 by JavaFX runtime of version 11-ea
2024-11-01T19:18:03.757-05:00  WARN 11540 --- [DemoLadFX] [JavaFX Application Thread] javafx.scene.control                     : Can not retrieve property 'idCategoria' in PropertyValueFactory: javafx.scene.control.cell.PropertyValueFactory@5b0bad6f with provided class type: class pe.edu.upeu.demoldfx.modelo.Platos

java.lang.IllegalStateException: Cannot read from unreadable property idCategoria
	at com.sun.javafx.property.PropertyReference.get(PropertyReference.java:170) ~[javafx-base-11-ea+24-win.jar:na]
	at javafx.scene.control.cell.PropertyValueFactory.getCellDataReflectively(PropertyValueFactory.java:184) ~[javafx-controls-16-win.jar:na]
	at javafx.scene.control.cell.PropertyValueFactory.call(PropertyValueFactory.java:154) ~[javafx-controls-16-win.jar:na]
	at javafx.scene.control.cell.PropertyValueFactory.call(PropertyValueFactory.java:133) ~[javafx-controls-16-win.jar:na]
	at javafx.scene.control.TableColumn.getCellObservableValue(TableColumn.java:593) ~[javafx-controls-16-win.jar:na]
	at javafx.scene.control.TableColumn.getCellObservableValue(TableColumn.java:578) ~[javafx-controls-16-win.jar:na]
	at javafx.scene.control.TableCell.updateItem(TableCell.java:646) ~[javafx-controls-16-win.jar:na]
	at javafx.scene.control.TableCell.indexChanged(TableCell.java:469) ~[javafx-controls-16-win.jar:na]
	at javafx.scene.control.IndexedCell.updateIndex(IndexedCell.java:120) ~[javafx-controls-16-win.jar:na]
	at javafx.scene.control.skin.TableRowSkinBase.updateCells(TableRowSkinBase.java:539) ~[javafx-controls-16-win.jar:na]
	at javafx.scene.control.skin.TableRowSkinBase.<init>(TableRowSkinBase.java:159) ~[javafx-controls-16-win.jar:na]
	at javafx.scene.control.skin.TableRowSkin.<init>(TableRowSkin.java:89) ~[javafx-controls-16-win.jar:na]
	at javafx.scene.control.TableRow.createDefaultSkin(TableRow.java:213) ~[javafx-controls-16-win.jar:na]
	at javafx.scene.control.Control.doProcessCSS(Control.java:897) ~[javafx-controls-16-win.jar:na]
	at javafx.scene.control.Control$1.doProcessCSS(Control.java:89) ~[javafx-controls-16-win.jar:na]
	at com.sun.javafx.scene.control.ControlHelper.processCSSImpl(ControlHelper.java:67) ~[javafx-controls-16-win.jar:na]
	at com.sun.javafx.scene.NodeHelper.processCSS(NodeHelper.java:145) ~[javafx-graphics-11-ea+24-win.jar:na]
	at javafx.scene.Node.processCSS(Node.java:9529) ~[javafx-graphics-11-ea+24-win.jar:na]
	at javafx.scene.Node.applyCss(Node.java:9616) ~[javafx-graphics-11-ea+24-win.jar:na]
	at javafx.scene.control.skin.VirtualFlow.setCellIndex(VirtualFlow.java:1743) ~[javafx-controls-16-win.jar:na]
	at javafx.scene.control.skin.VirtualFlow.getCell(VirtualFlow.java:1720) ~[javafx-controls-16-win.jar:na]
	at javafx.scene.control.skin.VirtualFlow.getCellLength(VirtualFlow.java:1846) ~[javafx-controls-16-win.jar:na]
	at javafx.scene.control.skin.VirtualFlow.computeViewportOffset(VirtualFlow.java:2758) ~[javafx-controls-16-win.jar:na]
	at javafx.scene.control.skin.VirtualFlow.layoutChildren(VirtualFlow.java:1239) ~[javafx-controls-16-win.jar:na]
	at javafx.scene.Parent.layout(Parent.java:1204) ~[javafx-graphics-11-ea+24-win.jar:na]
	at javafx.scene.Parent.layout(Parent.java:1211) ~[javafx-graphics-11-ea+24-win.jar:na]
	at javafx.scene.Parent.layout(Parent.java:1211) ~[javafx-graphics-11-ea+24-win.jar:na]
	at javafx.scene.Scene.doLayoutPass(Scene.java:576) ~[javafx-graphics-11-ea+24-win.jar:na]
	at javafx.scene.Scene$ScenePulseListener.pulse(Scene.java:2482) ~[javafx-graphics-11-ea+24-win.jar:na]
	at com.sun.javafx.tk.Toolkit.lambda$runPulse$2(Toolkit.java:412) ~[javafx-graphics-11-ea+24-win.jar:na]
	at java.base/java.security.AccessController.doPrivileged(AccessController.java:399) ~[na:na]
	at com.sun.javafx.tk.Toolkit.runPulse(Toolkit.java:411) ~[javafx-graphics-11-ea+24-win.jar:na]
	at com.sun.javafx.tk.Toolkit.firePulse(Toolkit.java:438) ~[javafx-graphics-11-ea+24-win.jar:na]
	at com.sun.javafx.tk.quantum.QuantumToolkit.pulse(QuantumToolkit.java:519) ~[javafx-graphics-11-ea+24-win.jar:na]
	at com.sun.javafx.tk.quantum.QuantumToolkit.pulse(QuantumToolkit.java:499) ~[javafx-graphics-11-ea+24-win.jar:na]
	at com.sun.javafx.tk.quantum.QuantumToolkit.pulseFromQueue(QuantumToolkit.java:492) ~[javafx-graphics-11-ea+24-win.jar:na]
	at com.sun.javafx.tk.quantum.QuantumToolkit.lambda$runToolkit$11(QuantumToolkit.java:320) ~[javafx-graphics-11-ea+24-win.jar:na]
	at com.sun.glass.ui.InvokeLaterDispatcher$Future.run(InvokeLaterDispatcher.java:96) ~[javafx-graphics-11-ea+24-win.jar:na]
	at com.sun.glass.ui.win.WinApplication._runLoop(Native Method) ~[javafx-graphics-11-ea+24-win.jar:na]
	at com.sun.glass.ui.win.WinApplication.lambda$runLoop$3(WinApplication.java:174) ~[javafx-graphics-11-ea+24-win.jar:na]
	at java.base/java.lang.Thread.run(Thread.java:833) ~[na:na]

2024-11-01T19:20:07.957-05:00  INFO 11540 --- [DemoLadFX] [SpringApplicationShutdownHook] j.LocalContainerEntityManagerFactoryBean : Closing JPA EntityManagerFactory for persistence unit 'default'
2024-11-01T19:20:07.959-05:00  INFO 11540 --- [DemoLadFX] [SpringApplicationShutdownHook] com.zaxxer.hikari.HikariDataSource       : HikariPool-1 - Shutdown initiated...
2024-11-01T19:20:07.963-05:00  INFO 11540 --- [DemoLadFX] [SpringApplicationShutdownHook] com.zaxxer.hikari.HikariDataSource       : HikariPool-1 - Shutdown completed.
2024-11-01T19:20:13.253-05:00  INFO 8772 --- [DemoLadFX] [JavaFX-Launcher] o.s.boot.SpringApplication               : Starting application using Java 18.0.1.1 with PID 8772 (started by roycr in C:\Proyecto\POO2024_2\DemoLadFX)
2024-11-01T19:20:13.256-05:00  INFO 8772 --- [DemoLadFX] [JavaFX-Launcher] o.s.boot.SpringApplication               : No active profile set, falling back to 1 default profile: "default"
2024-11-01T19:20:13.906-05:00  INFO 8772 --- [DemoLadFX] [JavaFX-Launcher] .s.d.r.c.RepositoryConfigurationDelegate : Bootstrapping Spring Data JPA repositories in DEFAULT mode.
2024-11-01T19:20:13.969-05:00  INFO 8772 --- [DemoLadFX] [JavaFX-Launcher] .s.d.r.c.RepositoryConfigurationDelegate : Finished Spring Data repository scanning in 56 ms. Found 2 JPA repository interfaces.
2024-11-01T19:20:14.424-05:00  INFO 8772 --- [DemoLadFX] [JavaFX-Launcher] o.hibernate.jpa.internal.util.LogHelper  : HHH000204: Processing PersistenceUnitInfo [name: default]
2024-11-01T19:20:14.480-05:00  INFO 8772 --- [DemoLadFX] [JavaFX-Launcher] org.hibernate.Version                    : HHH000412: Hibernate ORM core version 6.5.3.Final
2024-11-01T19:20:14.504-05:00  INFO 8772 --- [DemoLadFX] [JavaFX-Launcher] o.h.c.internal.RegionFactoryInitiator    : HHH000026: Second-level cache disabled
2024-11-01T19:20:14.854-05:00  INFO 8772 --- [DemoLadFX] [JavaFX-Launcher] o.s.o.j.p.SpringPersistenceUnitInfo      : No LoadTimeWeaver setup: ignoring JPA class transformer
2024-11-01T19:20:14.885-05:00  INFO 8772 --- [DemoLadFX] [JavaFX-Launcher] com.zaxxer.hikari.HikariDataSource       : HikariPool-1 - Starting...
2024-11-01T19:20:15.016-05:00  INFO 8772 --- [DemoLadFX] [JavaFX-Launcher] com.zaxxer.hikari.pool.HikariPool        : HikariPool-1 - Added connection org.sqlite.jdbc4.JDBC4Connection@8952814
2024-11-01T19:20:15.019-05:00  INFO 8772 --- [DemoLadFX] [JavaFX-Launcher] com.zaxxer.hikari.HikariDataSource       : HikariPool-1 - Start completed.
2024-11-01T19:20:16.104-05:00  INFO 8772 --- [DemoLadFX] [JavaFX-Launcher] o.h.e.t.j.p.i.JtaPlatformInitiator       : HHH000489: No JTA platform available (set 'hibernate.transaction.jta.platform' to enable JTA platform integration)
2024-11-01T19:20:16.131-05:00  INFO 8772 --- [DemoLadFX] [JavaFX-Launcher] j.LocalContainerEntityManagerFactoryBean : Initialized JPA EntityManagerFactory for persistence unit 'default'
2024-11-01T19:20:16.616-05:00  INFO 8772 --- [DemoLadFX] [JavaFX-Launcher] o.s.boot.SpringApplication               : Started application in 4.031 seconds (process running for 4.784)
2024-11-01T19:20:16.671-05:00  WARN 8772 --- [DemoLadFX] [JavaFX-Launcher] javafx                                   : Loading FXML document with JavaFX API of version 17.0.12 by JavaFX runtime of version 11-ea
2024-11-01T19:20:31.569-05:00  INFO 8772 --- [DemoLadFX] [JavaFX Application Thread] j.LocalContainerEntityManagerFactoryBean : Closing JPA EntityManagerFactory for persistence unit 'default'
2024-11-01T19:20:31.573-05:00  INFO 8772 --- [DemoLadFX] [JavaFX Application Thread] com.zaxxer.hikari.HikariDataSource       : HikariPool-1 - Shutdown initiated...
2024-11-01T19:20:31.581-05:00  INFO 8772 --- [DemoLadFX] [JavaFX Application Thread] com.zaxxer.hikari.HikariDataSource       : HikariPool-1 - Shutdown completed.
2024-11-01T19:20:42.223-05:00  INFO 2288 --- [DemoLadFX] [JavaFX-Launcher] o.s.boot.SpringApplication               : Starting application using Java 18.0.1.1 with PID 2288 (started by roycr in C:\Proyecto\POO2024_2\DemoLadFX)
2024-11-01T19:20:42.225-05:00  INFO 2288 --- [DemoLadFX] [JavaFX-Launcher] o.s.boot.SpringApplication               : No active profile set, falling back to 1 default profile: "default"
2024-11-01T19:20:42.920-05:00  INFO 2288 --- [DemoLadFX] [JavaFX-Launcher] .s.d.r.c.RepositoryConfigurationDelegate : Bootstrapping Spring Data JPA repositories in DEFAULT mode.
2024-11-01T19:20:42.981-05:00  INFO 2288 --- [DemoLadFX] [JavaFX-Launcher] .s.d.r.c.RepositoryConfigurationDelegate : Finished Spring Data repository scanning in 54 ms. Found 2 JPA repository interfaces.
2024-11-01T19:20:43.421-05:00  INFO 2288 --- [DemoLadFX] [JavaFX-Launcher] o.hibernate.jpa.internal.util.LogHelper  : HHH000204: Processing PersistenceUnitInfo [name: default]
2024-11-01T19:20:43.477-05:00  INFO 2288 --- [DemoLadFX] [JavaFX-Launcher] org.hibernate.Version                    : HHH000412: Hibernate ORM core version 6.5.3.Final
2024-11-01T19:20:43.502-05:00  INFO 2288 --- [DemoLadFX] [JavaFX-Launcher] o.h.c.internal.RegionFactoryInitiator    : HHH000026: Second-level cache disabled
2024-11-01T19:20:43.906-05:00  INFO 2288 --- [DemoLadFX] [JavaFX-Launcher] o.s.o.j.p.SpringPersistenceUnitInfo      : No LoadTimeWeaver setup: ignoring JPA class transformer
2024-11-01T19:20:43.940-05:00  INFO 2288 --- [DemoLadFX] [JavaFX-Launcher] com.zaxxer.hikari.HikariDataSource       : HikariPool-1 - Starting...
2024-11-01T19:20:44.068-05:00  INFO 2288 --- [DemoLadFX] [JavaFX-Launcher] com.zaxxer.hikari.pool.HikariPool        : HikariPool-1 - Added connection org.sqlite.jdbc4.JDBC4Connection@4172650e
2024-11-01T19:20:44.070-05:00  INFO 2288 --- [DemoLadFX] [JavaFX-Launcher] com.zaxxer.hikari.HikariDataSource       : HikariPool-1 - Start completed.
2024-11-01T19:20:45.223-05:00  INFO 2288 --- [DemoLadFX] [JavaFX-Launcher] o.h.e.t.j.p.i.JtaPlatformInitiator       : HHH000489: No JTA platform available (set 'hibernate.transaction.jta.platform' to enable JTA platform integration)
2024-11-01T19:20:45.253-05:00  INFO 2288 --- [DemoLadFX] [JavaFX-Launcher] j.LocalContainerEntityManagerFactoryBean : Initialized JPA EntityManagerFactory for persistence unit 'default'
2024-11-01T19:20:45.801-05:00  INFO 2288 --- [DemoLadFX] [JavaFX-Launcher] o.s.boot.SpringApplication               : Started application in 4.24 seconds (process running for 4.994)
2024-11-01T19:20:45.870-05:00  WARN 2288 --- [DemoLadFX] [JavaFX-Launcher] javafx                                   : Loading FXML document with JavaFX API of version 17.0.12 by JavaFX runtime of version 11-ea
2024-11-01T19:20:46.721-05:00  WARN 2288 --- [DemoLadFX] [JavaFX Application Thread] javafx.scene.control                     : Can not retrieve property 'IdCategoria' in PropertyValueFactory: javafx.scene.control.cell.PropertyValueFactory@7d52f898 with provided class type: class pe.edu.upeu.demoldfx.modelo.Platos

java.lang.IllegalStateException: Cannot read from unreadable property IdCategoria
	at com.sun.javafx.property.PropertyReference.get(PropertyReference.java:170) ~[javafx-base-11-ea+24-win.jar:na]
	at javafx.scene.control.cell.PropertyValueFactory.getCellDataReflectively(PropertyValueFactory.java:184) ~[javafx-controls-16-win.jar:na]
	at javafx.scene.control.cell.PropertyValueFactory.call(PropertyValueFactory.java:154) ~[javafx-controls-16-win.jar:na]
	at javafx.scene.control.cell.PropertyValueFactory.call(PropertyValueFactory.java:133) ~[javafx-controls-16-win.jar:na]
	at javafx.scene.control.TableColumn.getCellObservableValue(TableColumn.java:593) ~[javafx-controls-16-win.jar:na]
	at javafx.scene.control.TableColumn.getCellObservableValue(TableColumn.java:578) ~[javafx-controls-16-win.jar:na]
	at javafx.scene.control.TableCell.updateItem(TableCell.java:646) ~[javafx-controls-16-win.jar:na]
	at javafx.scene.control.TableCell.indexChanged(TableCell.java:469) ~[javafx-controls-16-win.jar:na]
	at javafx.scene.control.IndexedCell.updateIndex(IndexedCell.java:120) ~[javafx-controls-16-win.jar:na]
	at javafx.scene.control.skin.TableRowSkinBase.updateCells(TableRowSkinBase.java:539) ~[javafx-controls-16-win.jar:na]
	at javafx.scene.control.skin.TableRowSkinBase.<init>(TableRowSkinBase.java:159) ~[javafx-controls-16-win.jar:na]
	at javafx.scene.control.skin.TableRowSkin.<init>(TableRowSkin.java:89) ~[javafx-controls-16-win.jar:na]
	at javafx.scene.control.TableRow.createDefaultSkin(TableRow.java:213) ~[javafx-controls-16-win.jar:na]
	at javafx.scene.control.Control.doProcessCSS(Control.java:897) ~[javafx-controls-16-win.jar:na]
	at javafx.scene.control.Control$1.doProcessCSS(Control.java:89) ~[javafx-controls-16-win.jar:na]
	at com.sun.javafx.scene.control.ControlHelper.processCSSImpl(ControlHelper.java:67) ~[javafx-controls-16-win.jar:na]
	at com.sun.javafx.scene.NodeHelper.processCSS(NodeHelper.java:145) ~[javafx-graphics-11-ea+24-win.jar:na]
	at javafx.scene.Node.processCSS(Node.java:9529) ~[javafx-graphics-11-ea+24-win.jar:na]
	at javafx.scene.Node.applyCss(Node.java:9616) ~[javafx-graphics-11-ea+24-win.jar:na]
	at javafx.scene.control.skin.VirtualFlow.setCellIndex(VirtualFlow.java:1743) ~[javafx-controls-16-win.jar:na]
	at javafx.scene.control.skin.VirtualFlow.getCell(VirtualFlow.java:1720) ~[javafx-controls-16-win.jar:na]
	at javafx.scene.control.skin.VirtualFlow.getCellLength(VirtualFlow.java:1846) ~[javafx-controls-16-win.jar:na]
	at javafx.scene.control.skin.VirtualFlow.computeViewportOffset(VirtualFlow.java:2758) ~[javafx-controls-16-win.jar:na]
	at javafx.scene.control.skin.VirtualFlow.layoutChildren(VirtualFlow.java:1239) ~[javafx-controls-16-win.jar:na]
	at javafx.scene.Parent.layout(Parent.java:1204) ~[javafx-graphics-11-ea+24-win.jar:na]
	at javafx.scene.Parent.layout(Parent.java:1211) ~[javafx-graphics-11-ea+24-win.jar:na]
	at javafx.scene.Parent.layout(Parent.java:1211) ~[javafx-graphics-11-ea+24-win.jar:na]
	at javafx.scene.Scene.doLayoutPass(Scene.java:576) ~[javafx-graphics-11-ea+24-win.jar:na]
	at javafx.scene.Scene.preferredSize(Scene.java:1748) ~[javafx-graphics-11-ea+24-win.jar:na]
	at javafx.scene.Scene$2.preferredSize(Scene.java:393) ~[javafx-graphics-11-ea+24-win.jar:na]
	at com.sun.javafx.scene.SceneHelper.preferredSize(SceneHelper.java:66) ~[javafx-graphics-11-ea+24-win.jar:na]
	at javafx.stage.Window$12.invalidated(Window.java:1086) ~[javafx-graphics-11-ea+24-win.jar:na]
	at javafx.beans.property.BooleanPropertyBase.markInvalid(BooleanPropertyBase.java:110) ~[javafx-base-11-ea+24-win.jar:na]
	at javafx.beans.property.BooleanPropertyBase.set(BooleanPropertyBase.java:145) ~[javafx-base-11-ea+24-win.jar:na]
	at javafx.stage.Window.setShowing(Window.java:1174) ~[javafx-graphics-11-ea+24-win.jar:na]
	at javafx.stage.Window.show(Window.java:1189) ~[javafx-graphics-11-ea+24-win.jar:na]
	at javafx.stage.Stage.show(Stage.java:273) ~[javafx-graphics-11-ea+24-win.jar:na]
	at pe.edu.upeu.demoldfx.DemoLadFxApplication.start(DemoLadFxApplication.java:41) ~[classes/:na]
	at com.sun.javafx.application.LauncherImpl.lambda$launchApplication1$9(LauncherImpl.java:846) ~[javafx-graphics-11-ea+24-win.jar:na]
	at com.sun.javafx.application.PlatformImpl.lambda$runAndWait$12(PlatformImpl.java:455) ~[javafx-graphics-11-ea+24-win.jar:na]
	at com.sun.javafx.application.PlatformImpl.lambda$runLater$10(PlatformImpl.java:428) ~[javafx-graphics-11-ea+24-win.jar:na]
	at java.base/java.security.AccessController.doPrivileged(AccessController.java:399) ~[na:na]
	at com.sun.javafx.application.PlatformImpl.lambda$runLater$11(PlatformImpl.java:427) ~[javafx-graphics-11-ea+24-win.jar:na]
	at com.sun.glass.ui.InvokeLaterDispatcher$Future.run(InvokeLaterDispatcher.java:96) ~[javafx-graphics-11-ea+24-win.jar:na]
	at com.sun.glass.ui.win.WinApplication._runLoop(Native Method) ~[javafx-graphics-11-ea+24-win.jar:na]
	at com.sun.glass.ui.win.WinApplication.lambda$runLoop$3(WinApplication.java:174) ~[javafx-graphics-11-ea+24-win.jar:na]
	at java.base/java.lang.Thread.run(Thread.java:833) ~[na:na]

2024-11-01T19:20:52.459-05:00  INFO 2288 --- [DemoLadFX] [JavaFX Application Thread] j.LocalContainerEntityManagerFactoryBean : Closing JPA EntityManagerFactory for persistence unit 'default'
2024-11-01T19:20:52.461-05:00  INFO 2288 --- [DemoLadFX] [JavaFX Application Thread] com.zaxxer.hikari.HikariDataSource       : HikariPool-1 - Shutdown initiated...
2024-11-01T19:20:52.463-05:00  INFO 2288 --- [DemoLadFX] [JavaFX Application Thread] com.zaxxer.hikari.HikariDataSource       : HikariPool-1 - Shutdown completed.
2024-11-01T19:21:18.159-05:00  INFO 17572 --- [DemoLadFX] [JavaFX-Launcher] o.s.boot.SpringApplication               : Starting application using Java 18.0.1.1 with PID 17572 (started by roycr in C:\Proyecto\POO2024_2\DemoLadFX)
2024-11-01T19:21:18.162-05:00  INFO 17572 --- [DemoLadFX] [JavaFX-Launcher] o.s.boot.SpringApplication               : No active profile set, falling back to 1 default profile: "default"
2024-11-01T19:21:18.806-05:00  INFO 17572 --- [DemoLadFX] [JavaFX-Launcher] .s.d.r.c.RepositoryConfigurationDelegate : Bootstrapping Spring Data JPA repositories in DEFAULT mode.
2024-11-01T19:21:18.865-05:00  INFO 17572 --- [DemoLadFX] [JavaFX-Launcher] .s.d.r.c.RepositoryConfigurationDelegate : Finished Spring Data repository scanning in 51 ms. Found 2 JPA repository interfaces.
2024-11-01T19:21:19.297-05:00  INFO 17572 --- [DemoLadFX] [JavaFX-Launcher] o.hibernate.jpa.internal.util.LogHelper  : HHH000204: Processing PersistenceUnitInfo [name: default]
2024-11-01T19:21:19.356-05:00  INFO 17572 --- [DemoLadFX] [JavaFX-Launcher] org.hibernate.Version                    : HHH000412: Hibernate ORM core version 6.5.3.Final
2024-11-01T19:21:19.381-05:00  INFO 17572 --- [DemoLadFX] [JavaFX-Launcher] o.h.c.internal.RegionFactoryInitiator    : HHH000026: Second-level cache disabled
2024-11-01T19:21:19.736-05:00  INFO 17572 --- [DemoLadFX] [JavaFX-Launcher] o.s.o.j.p.SpringPersistenceUnitInfo      : No LoadTimeWeaver setup: ignoring JPA class transformer
2024-11-01T19:21:19.772-05:00  INFO 17572 --- [DemoLadFX] [JavaFX-Launcher] com.zaxxer.hikari.HikariDataSource       : HikariPool-1 - Starting...
2024-11-01T19:21:19.908-05:00  INFO 17572 --- [DemoLadFX] [JavaFX-Launcher] com.zaxxer.hikari.pool.HikariPool        : HikariPool-1 - Added connection org.sqlite.jdbc4.JDBC4Connection@511d1b2e
2024-11-01T19:21:19.910-05:00  INFO 17572 --- [DemoLadFX] [JavaFX-Launcher] com.zaxxer.hikari.HikariDataSource       : HikariPool-1 - Start completed.
2024-11-01T19:21:20.871-05:00  INFO 17572 --- [DemoLadFX] [JavaFX-Launcher] o.h.e.t.j.p.i.JtaPlatformInitiator       : HHH000489: No JTA platform available (set 'hibernate.transaction.jta.platform' to enable JTA platform integration)
2024-11-01T19:21:20.898-05:00  INFO 17572 --- [DemoLadFX] [JavaFX-Launcher] j.LocalContainerEntityManagerFactoryBean : Initialized JPA EntityManagerFactory for persistence unit 'default'
2024-11-01T19:21:21.460-05:00  INFO 17572 --- [DemoLadFX] [JavaFX-Launcher] o.s.boot.SpringApplication               : Started application in 3.984 seconds (process running for 4.711)
2024-11-01T19:21:21.519-05:00  WARN 17572 --- [DemoLadFX] [JavaFX-Launcher] javafx                                   : Loading FXML document with JavaFX API of version 17.0.12 by JavaFX runtime of version 11-ea
2024-11-01T19:21:22.370-05:00  WARN 17572 --- [DemoLadFX] [JavaFX Application Thread] javafx.scene.control                     : Can not retrieve property 'idcategoria' in PropertyValueFactory: javafx.scene.control.cell.PropertyValueFactory@4ff64a38 with provided class type: class pe.edu.upeu.demoldfx.modelo.Platos

java.lang.IllegalStateException: Cannot read from unreadable property idcategoria
	at com.sun.javafx.property.PropertyReference.get(PropertyReference.java:170) ~[javafx-base-11-ea+24-win.jar:na]
	at javafx.scene.control.cell.PropertyValueFactory.getCellDataReflectively(PropertyValueFactory.java:184) ~[javafx-controls-16-win.jar:na]
	at javafx.scene.control.cell.PropertyValueFactory.call(PropertyValueFactory.java:154) ~[javafx-controls-16-win.jar:na]
	at javafx.scene.control.cell.PropertyValueFactory.call(PropertyValueFactory.java:133) ~[javafx-controls-16-win.jar:na]
	at javafx.scene.control.TableColumn.getCellObservableValue(TableColumn.java:593) ~[javafx-controls-16-win.jar:na]
	at javafx.scene.control.TableColumn.getCellObservableValue(TableColumn.java:578) ~[javafx-controls-16-win.jar:na]
	at javafx.scene.control.TableCell.updateItem(TableCell.java:646) ~[javafx-controls-16-win.jar:na]
	at javafx.scene.control.TableCell.indexChanged(TableCell.java:469) ~[javafx-controls-16-win.jar:na]
	at javafx.scene.control.IndexedCell.updateIndex(IndexedCell.java:120) ~[javafx-controls-16-win.jar:na]
	at javafx.scene.control.skin.TableRowSkinBase.updateCells(TableRowSkinBase.java:539) ~[javafx-controls-16-win.jar:na]
	at javafx.scene.control.skin.TableRowSkinBase.<init>(TableRowSkinBase.java:159) ~[javafx-controls-16-win.jar:na]
	at javafx.scene.control.skin.TableRowSkin.<init>(TableRowSkin.java:89) ~[javafx-controls-16-win.jar:na]
	at javafx.scene.control.TableRow.createDefaultSkin(TableRow.java:213) ~[javafx-controls-16-win.jar:na]
	at javafx.scene.control.Control.doProcessCSS(Control.java:897) ~[javafx-controls-16-win.jar:na]
	at javafx.scene.control.Control$1.doProcessCSS(Control.java:89) ~[javafx-controls-16-win.jar:na]
	at com.sun.javafx.scene.control.ControlHelper.processCSSImpl(ControlHelper.java:67) ~[javafx-controls-16-win.jar:na]
	at com.sun.javafx.scene.NodeHelper.processCSS(NodeHelper.java:145) ~[javafx-graphics-11-ea+24-win.jar:na]
	at javafx.scene.Node.processCSS(Node.java:9529) ~[javafx-graphics-11-ea+24-win.jar:na]
	at javafx.scene.Node.applyCss(Node.java:9616) ~[javafx-graphics-11-ea+24-win.jar:na]
	at javafx.scene.control.skin.VirtualFlow.setCellIndex(VirtualFlow.java:1743) ~[javafx-controls-16-win.jar:na]
	at javafx.scene.control.skin.VirtualFlow.getCell(VirtualFlow.java:1720) ~[javafx-controls-16-win.jar:na]
	at javafx.scene.control.skin.VirtualFlow.getCellLength(VirtualFlow.java:1846) ~[javafx-controls-16-win.jar:na]
	at javafx.scene.control.skin.VirtualFlow.computeViewportOffset(VirtualFlow.java:2758) ~[javafx-controls-16-win.jar:na]
	at javafx.scene.control.skin.VirtualFlow.layoutChildren(VirtualFlow.java:1239) ~[javafx-controls-16-win.jar:na]
	at javafx.scene.Parent.layout(Parent.java:1204) ~[javafx-graphics-11-ea+24-win.jar:na]
	at javafx.scene.Parent.layout(Parent.java:1211) ~[javafx-graphics-11-ea+24-win.jar:na]
	at javafx.scene.Parent.layout(Parent.java:1211) ~[javafx-graphics-11-ea+24-win.jar:na]
	at javafx.scene.Scene.doLayoutPass(Scene.java:576) ~[javafx-graphics-11-ea+24-win.jar:na]
	at javafx.scene.Scene.preferredSize(Scene.java:1748) ~[javafx-graphics-11-ea+24-win.jar:na]
	at javafx.scene.Scene$2.preferredSize(Scene.java:393) ~[javafx-graphics-11-ea+24-win.jar:na]
	at com.sun.javafx.scene.SceneHelper.preferredSize(SceneHelper.java:66) ~[javafx-graphics-11-ea+24-win.jar:na]
	at javafx.stage.Window$12.invalidated(Window.java:1086) ~[javafx-graphics-11-ea+24-win.jar:na]
	at javafx.beans.property.BooleanPropertyBase.markInvalid(BooleanPropertyBase.java:110) ~[javafx-base-11-ea+24-win.jar:na]
	at javafx.beans.property.BooleanPropertyBase.set(BooleanPropertyBase.java:145) ~[javafx-base-11-ea+24-win.jar:na]
	at javafx.stage.Window.setShowing(Window.java:1174) ~[javafx-graphics-11-ea+24-win.jar:na]
	at javafx.stage.Window.show(Window.java:1189) ~[javafx-graphics-11-ea+24-win.jar:na]
	at javafx.stage.Stage.show(Stage.java:273) ~[javafx-graphics-11-ea+24-win.jar:na]
	at pe.edu.upeu.demoldfx.DemoLadFxApplication.start(DemoLadFxApplication.java:41) ~[classes/:na]
	at com.sun.javafx.application.LauncherImpl.lambda$launchApplication1$9(LauncherImpl.java:846) ~[javafx-graphics-11-ea+24-win.jar:na]
	at com.sun.javafx.application.PlatformImpl.lambda$runAndWait$12(PlatformImpl.java:455) ~[javafx-graphics-11-ea+24-win.jar:na]
	at com.sun.javafx.application.PlatformImpl.lambda$runLater$10(PlatformImpl.java:428) ~[javafx-graphics-11-ea+24-win.jar:na]
	at java.base/java.security.AccessController.doPrivileged(AccessController.java:399) ~[na:na]
	at com.sun.javafx.application.PlatformImpl.lambda$runLater$11(PlatformImpl.java:427) ~[javafx-graphics-11-ea+24-win.jar:na]
	at com.sun.glass.ui.InvokeLaterDispatcher$Future.run(InvokeLaterDispatcher.java:96) ~[javafx-graphics-11-ea+24-win.jar:na]
	at com.sun.glass.ui.win.WinApplication._runLoop(Native Method) ~[javafx-graphics-11-ea+24-win.jar:na]
	at com.sun.glass.ui.win.WinApplication.lambda$runLoop$3(WinApplication.java:174) ~[javafx-graphics-11-ea+24-win.jar:na]
	at java.base/java.lang.Thread.run(Thread.java:833) ~[na:na]

2024-11-01T19:21:37.059-05:00  INFO 17572 --- [DemoLadFX] [JavaFX Application Thread] j.LocalContainerEntityManagerFactoryBean : Closing JPA EntityManagerFactory for persistence unit 'default'
2024-11-01T19:21:37.062-05:00  INFO 17572 --- [DemoLadFX] [JavaFX Application Thread] com.zaxxer.hikari.HikariDataSource       : HikariPool-1 - Shutdown initiated...
2024-11-01T19:21:37.066-05:00  INFO 17572 --- [DemoLadFX] [JavaFX Application Thread] com.zaxxer.hikari.HikariDataSource       : HikariPool-1 - Shutdown completed.
2024-11-01T19:21:56.509-05:00  INFO 11236 --- [DemoLadFX] [JavaFX-Launcher] o.s.boot.SpringApplication               : Starting application using Java 18.0.1.1 with PID 11236 (started by roycr in C:\Proyecto\POO2024_2\DemoLadFX)
2024-11-01T19:21:56.512-05:00  INFO 11236 --- [DemoLadFX] [JavaFX-Launcher] o.s.boot.SpringApplication               : No active profile set, falling back to 1 default profile: "default"
2024-11-01T19:21:57.364-05:00  INFO 11236 --- [DemoLadFX] [JavaFX-Launcher] .s.d.r.c.RepositoryConfigurationDelegate : Bootstrapping Spring Data JPA repositories in DEFAULT mode.
2024-11-01T19:21:57.426-05:00  INFO 11236 --- [DemoLadFX] [JavaFX-Launcher] .s.d.r.c.RepositoryConfigurationDelegate : Finished Spring Data repository scanning in 53 ms. Found 2 JPA repository interfaces.
2024-11-01T19:21:57.844-05:00  INFO 11236 --- [DemoLadFX] [JavaFX-Launcher] o.hibernate.jpa.internal.util.LogHelper  : HHH000204: Processing PersistenceUnitInfo [name: default]
2024-11-01T19:21:57.896-05:00  INFO 11236 --- [DemoLadFX] [JavaFX-Launcher] org.hibernate.Version                    : HHH000412: Hibernate ORM core version 6.5.3.Final
2024-11-01T19:21:57.921-05:00  INFO 11236 --- [DemoLadFX] [JavaFX-Launcher] o.h.c.internal.RegionFactoryInitiator    : HHH000026: Second-level cache disabled
2024-11-01T19:21:58.247-05:00  INFO 11236 --- [DemoLadFX] [JavaFX-Launcher] o.s.o.j.p.SpringPersistenceUnitInfo      : No LoadTimeWeaver setup: ignoring JPA class transformer
2024-11-01T19:21:58.285-05:00  INFO 11236 --- [DemoLadFX] [JavaFX-Launcher] com.zaxxer.hikari.HikariDataSource       : HikariPool-1 - Starting...
2024-11-01T19:21:58.447-05:00  INFO 11236 --- [DemoLadFX] [JavaFX-Launcher] com.zaxxer.hikari.pool.HikariPool        : HikariPool-1 - Added connection org.sqlite.jdbc4.JDBC4Connection@2b6ac644
2024-11-01T19:21:58.450-05:00  INFO 11236 --- [DemoLadFX] [JavaFX-Launcher] com.zaxxer.hikari.HikariDataSource       : HikariPool-1 - Start completed.
2024-11-01T19:21:59.499-05:00  INFO 11236 --- [DemoLadFX] [JavaFX-Launcher] o.h.e.t.j.p.i.JtaPlatformInitiator       : HHH000489: No JTA platform available (set 'hibernate.transaction.jta.platform' to enable JTA platform integration)
2024-11-01T19:21:59.526-05:00  INFO 11236 --- [DemoLadFX] [JavaFX-Launcher] j.LocalContainerEntityManagerFactoryBean : Initialized JPA EntityManagerFactory for persistence unit 'default'
2024-11-01T19:22:00.157-05:00  INFO 11236 --- [DemoLadFX] [JavaFX-Launcher] o.s.boot.SpringApplication               : Started application in 4.345 seconds (process running for 5.114)
2024-11-01T19:22:00.260-05:00  WARN 11236 --- [DemoLadFX] [JavaFX-Launcher] javafx                                   : Loading FXML document with JavaFX API of version 17.0.12 by JavaFX runtime of version 11-ea
2024-11-01T19:22:31.420-05:00  INFO 11236 --- [DemoLadFX] [JavaFX Application Thread] j.LocalContainerEntityManagerFactoryBean : Closing JPA EntityManagerFactory for persistence unit 'default'
2024-11-01T19:22:31.424-05:00  INFO 11236 --- [DemoLadFX] [JavaFX Application Thread] com.zaxxer.hikari.HikariDataSource       : HikariPool-1 - Shutdown initiated...
2024-11-01T19:22:31.432-05:00  INFO 11236 --- [DemoLadFX] [JavaFX Application Thread] com.zaxxer.hikari.HikariDataSource       : HikariPool-1 - Shutdown completed.
2024-11-01T19:23:02.056-05:00  INFO 11116 --- [DemoLadFX] [JavaFX-Launcher] o.s.boot.SpringApplication               : Starting application using Java 18.0.1.1 with PID 11116 (started by roycr in C:\Proyecto\POO2024_2\DemoLadFX)
2024-11-01T19:23:02.058-05:00  INFO 11116 --- [DemoLadFX] [JavaFX-Launcher] o.s.boot.SpringApplication               : No active profile set, falling back to 1 default profile: "default"
2024-11-01T19:23:02.795-05:00  INFO 11116 --- [DemoLadFX] [JavaFX-Launcher] .s.d.r.c.RepositoryConfigurationDelegate : Bootstrapping Spring Data JPA repositories in DEFAULT mode.
2024-11-01T19:23:02.864-05:00  INFO 11116 --- [DemoLadFX] [JavaFX-Launcher] .s.d.r.c.RepositoryConfigurationDelegate : Finished Spring Data repository scanning in 60 ms. Found 2 JPA repository interfaces.
2024-11-01T19:23:03.316-05:00  INFO 11116 --- [DemoLadFX] [JavaFX-Launcher] o.hibernate.jpa.internal.util.LogHelper  : HHH000204: Processing PersistenceUnitInfo [name: default]
2024-11-01T19:23:03.371-05:00  INFO 11116 --- [DemoLadFX] [JavaFX-Launcher] org.hibernate.Version                    : HHH000412: Hibernate ORM core version 6.5.3.Final
2024-11-01T19:23:03.395-05:00  INFO 11116 --- [DemoLadFX] [JavaFX-Launcher] o.h.c.internal.RegionFactoryInitiator    : HHH000026: Second-level cache disabled
2024-11-01T19:23:03.772-05:00  INFO 11116 --- [DemoLadFX] [JavaFX-Launcher] o.s.o.j.p.SpringPersistenceUnitInfo      : No LoadTimeWeaver setup: ignoring JPA class transformer
2024-11-01T19:23:03.809-05:00  INFO 11116 --- [DemoLadFX] [JavaFX-Launcher] com.zaxxer.hikari.HikariDataSource       : HikariPool-1 - Starting...
2024-11-01T19:23:04.007-05:00  INFO 11116 --- [DemoLadFX] [JavaFX-Launcher] com.zaxxer.hikari.pool.HikariPool        : HikariPool-1 - Added connection org.sqlite.jdbc4.JDBC4Connection@89e8017
2024-11-01T19:23:04.009-05:00  INFO 11116 --- [DemoLadFX] [JavaFX-Launcher] com.zaxxer.hikari.HikariDataSource       : HikariPool-1 - Start completed.
2024-11-01T19:23:05.224-05:00  INFO 11116 --- [DemoLadFX] [JavaFX-Launcher] o.h.e.t.j.p.i.JtaPlatformInitiator       : HHH000489: No JTA platform available (set 'hibernate.transaction.jta.platform' to enable JTA platform integration)
2024-11-01T19:23:05.251-05:00  INFO 11116 --- [DemoLadFX] [JavaFX-Launcher] j.LocalContainerEntityManagerFactoryBean : Initialized JPA EntityManagerFactory for persistence unit 'default'
2024-11-01T19:23:05.783-05:00  INFO 11116 --- [DemoLadFX] [JavaFX-Launcher] o.s.boot.SpringApplication               : Started application in 4.423 seconds (process running for 5.138)
2024-11-01T19:23:05.860-05:00  WARN 11116 --- [DemoLadFX] [JavaFX-Launcher] javafx                                   : Loading FXML document with JavaFX API of version 17.0.12 by JavaFX runtime of version 11-ea
2024-11-01T19:23:10.906-05:00  INFO 11116 --- [DemoLadFX] [JavaFX Application Thread] j.LocalContainerEntityManagerFactoryBean : Closing JPA EntityManagerFactory for persistence unit 'default'
2024-11-01T19:23:10.908-05:00  INFO 11116 --- [DemoLadFX] [JavaFX Application Thread] com.zaxxer.hikari.HikariDataSource       : HikariPool-1 - Shutdown initiated...
2024-11-01T19:23:10.910-05:00  INFO 11116 --- [DemoLadFX] [JavaFX Application Thread] com.zaxxer.hikari.HikariDataSource       : HikariPool-1 - Shutdown completed.
2024-11-01T19:23:18.540-05:00  INFO 9420 --- [DemoLadFX] [JavaFX-Launcher] o.s.boot.SpringApplication               : Starting application using Java 18.0.1.1 with PID 9420 (started by roycr in C:\Proyecto\POO2024_2\DemoLadFX)
2024-11-01T19:23:18.542-05:00  INFO 9420 --- [DemoLadFX] [JavaFX-Launcher] o.s.boot.SpringApplication               : No active profile set, falling back to 1 default profile: "default"
2024-11-01T19:23:19.203-05:00  INFO 9420 --- [DemoLadFX] [JavaFX-Launcher] .s.d.r.c.RepositoryConfigurationDelegate : Bootstrapping Spring Data JPA repositories in DEFAULT mode.
2024-11-01T19:23:19.263-05:00  INFO 9420 --- [DemoLadFX] [JavaFX-Launcher] .s.d.r.c.RepositoryConfigurationDelegate : Finished Spring Data repository scanning in 50 ms. Found 2 JPA repository interfaces.
2024-11-01T19:23:19.710-05:00  INFO 9420 --- [DemoLadFX] [JavaFX-Launcher] o.hibernate.jpa.internal.util.LogHelper  : HHH000204: Processing PersistenceUnitInfo [name: default]
2024-11-01T19:23:19.761-05:00  INFO 9420 --- [DemoLadFX] [JavaFX-Launcher] org.hibernate.Version                    : HHH000412: Hibernate ORM core version 6.5.3.Final
2024-11-01T19:23:19.784-05:00  INFO 9420 --- [DemoLadFX] [JavaFX-Launcher] o.h.c.internal.RegionFactoryInitiator    : HHH000026: Second-level cache disabled
2024-11-01T19:23:20.127-05:00  INFO 9420 --- [DemoLadFX] [JavaFX-Launcher] o.s.o.j.p.SpringPersistenceUnitInfo      : No LoadTimeWeaver setup: ignoring JPA class transformer
2024-11-01T19:23:20.156-05:00  INFO 9420 --- [DemoLadFX] [JavaFX-Launcher] com.zaxxer.hikari.HikariDataSource       : HikariPool-1 - Starting...
2024-11-01T19:23:20.280-05:00  INFO 9420 --- [DemoLadFX] [JavaFX-Launcher] com.zaxxer.hikari.pool.HikariPool        : HikariPool-1 - Added connection org.sqlite.jdbc4.JDBC4Connection@54846a3f
2024-11-01T19:23:20.282-05:00  INFO 9420 --- [DemoLadFX] [JavaFX-Launcher] com.zaxxer.hikari.HikariDataSource       : HikariPool-1 - Start completed.
2024-11-01T19:23:21.359-05:00  INFO 9420 --- [DemoLadFX] [JavaFX-Launcher] o.h.e.t.j.p.i.JtaPlatformInitiator       : HHH000489: No JTA platform available (set 'hibernate.transaction.jta.platform' to enable JTA platform integration)
2024-11-01T19:23:21.385-05:00  INFO 9420 --- [DemoLadFX] [JavaFX-Launcher] j.LocalContainerEntityManagerFactoryBean : Initialized JPA EntityManagerFactory for persistence unit 'default'
2024-11-01T19:23:21.905-05:00  INFO 9420 --- [DemoLadFX] [JavaFX-Launcher] o.s.boot.SpringApplication               : Started application in 4.06 seconds (process running for 4.806)
2024-11-01T19:23:21.965-05:00  WARN 9420 --- [DemoLadFX] [JavaFX-Launcher] javafx                                   : Loading FXML document with JavaFX API of version 17.0.12 by JavaFX runtime of version 11-ea
2024-11-01T19:24:36.006-05:00  INFO 9420 --- [DemoLadFX] [JavaFX Application Thread] j.LocalContainerEntityManagerFactoryBean : Closing JPA EntityManagerFactory for persistence unit 'default'
2024-11-01T19:24:36.008-05:00  INFO 9420 --- [DemoLadFX] [JavaFX Application Thread] com.zaxxer.hikari.HikariDataSource       : HikariPool-1 - Shutdown initiated...
2024-11-01T19:24:36.014-05:00  INFO 9420 --- [DemoLadFX] [JavaFX Application Thread] com.zaxxer.hikari.HikariDataSource       : HikariPool-1 - Shutdown completed.
